firstName,Gender
Henrik,male
Bjørn,male
Claus,male
Ditte,female
Daniel,male
Nichlas,male
Bodil,female
Jesper,male
Torben,male
Jette,female
Christina,female
jakob,male
Alexsiw,unknown
Thomas,male
Tine,female
Pia,female
Sheila,female
Rikke,female
Nis,male
Gitte,female
Jens,male
Helge,male
Jan,male
Lone,female
Charlotte,female
Marianne,female
Anna,female
frank,male
Erik,male
Brita,female
Jack,male
susanne,female
Anders,male
Henriette,female
Lars,male
Trine,female
Martin,male
mathias,male
Niels,male
Flemming,male
Svend,male
steffen,male
Laura,female
Bente,female
sten,male
Alexander,male
Poul,male
Marlene,female
Dorthe,female
Kim,unknown
Karsten,male
Kenneth,male
Linda,female
Ulla,female
Anni,female
Punit,male
Louise,female
Vagner,male
Per,male
Karen,female
Alex,unknown
Rasmus,male
Mads,male
Hafthor,male
Tanya,female
Gustav,male
Simon,male
Steen,male
Jannie,female
Hans-Christian,male
Lisbeth,female
Birgitte,female
Connie,unknown
Radu,male
Frederik,male
Sannah,female
Benjamin,male
Pernille,female
Gunnar,male
anne,female
Fie,female
Søren,male
Karina,female
Signe,female
Hans,male
jens-erik,male
normann,male
Paul,male
Hardy,male
Rachel,female
Birgit,female
Agnete,female
Tina,female
Mie,female
Astrid,female
Karin,female
Irene,female
Anja,female
Cathrine,female
Kristina,female
Mehmet,male
morten,male
Bjarne,male
Ivan,male
Vibeke,female
Finn,male
Kresten,male
Ole,male
Johnny,male
Esben,male
Lennart,male
Liselotte,female
Inga,female
Kirsten,female
Margie,female
Allan,male
Kristian,male
Mette,female
Rikko,unknown
Christian,male
Elcold,unknown
Anette,female
Jeppe,male
Elin,female
Mikkel,male
Michael,male
Lise,female
sigursteinn,male
DNA,unknown
Stefan,male
Eva,female
Lykke,female
Joan,female
Maria,female
stig,male
Gert,male
Lau,male
Uffe,male
Henrijette,female
Bent,male
Dit,unknown
Nina,female
Katrine,female
Birger,male
Ida,female
Købmand,unknown
Dennis,male
Witold,male
René,male
Peter,male
Joachim,male
Jørgen,male
Thilde,female
Mai-Britt,female
Inger,female
Klaus,male
Merete,female
Kasper,male
Lera,female
Siw,female
Ann,female
Ruth,female
Carina,female
Simone,female
Lillian,female
Bettina,female
Nicolai,male
Tenna,female
Dalle,unknown
Anh,unknown
Jacqueline,female
Orhan,male
annabella,female
Annette,female
Asstrid,female
Irwing,male
Kristoffer,male
Elisabeth,female
Ninette,female
Egon,male
Jytte,female
Arne,male
Arnt,male
Jeanette,female
Henning,male
Ask,male
Lene,female
Malene,female
Jon,male
Helle,female
Philip,male
Mille,female
DONG,unknown
ove,male
beth,female
Birthe,female
Ingelise,female
Franz,male
john,male
Bruno,male
Torbjørn,male
Søs,female
Sofia,female
Herdis,female
Hunter,male
Sofie,female
channe,female
Lea,female
Victor,male
Marie,female
Kurt,male
Diana,female
Jonas,male
Jane,female
Kate,female
Ulrik,male
Sisse,female
Nick,male
Randi,female
Heloise,female
Eggert,male
Camilla,female
Ib,male
Linnea,female
jonna,female
Dorte,female
Stine,female
Emilie,female
Tomas,male
sofus,male
Tony,male
Solvejg,female
Karl,male
Lina,female
Toby,male
Toomas,male
Anker,male
Mika,male
Teis,male
Anny,female
Helene,female
Andreas,male
Jasper,male
Mateo,male
John-David,male
Trygve,male
Tanja,female
kay,unknown
Hanne,female
Berit,female
Vivi,female
Mark,male
Noah,male
Leif,male
Filippa,female
Maiken,female
Rune,male
Grethe,female
Lisa,female
Jimmi,male
Sanne,female
Lis,female
Lioudmila,female
Ellen,female
Line,female
Rita,female
Nanna,female
Ken,male
Bo,male
Torsten,male
David,male
Ena,female
Sylvia,female
Nikolaj,male
Nicoline,female
Ebbe,male
Tommy,male
Preben,male
Dorrit,female
Tim,male
Sarah,female
Milan,male
Walther,male
Sidsel,female
Jacob,male
Renny,male
Martina,female
Dina,female
søster,unknown
Kathrine,female
Marta,female
inge,unknown
Troels,male
Margit,female
Brian,male
bjarke,male
kent,male
winnie,female
Inge-merete,female
Desiree,female
Heidi,female
Casper,male
Thorkild,male
Tøger,male
laila,female
Medana,unknown
Betina,female
Amanda,female
Majbrit,female
Katerina,female
Michaela,female
Bonnie,female
Majbritt,female
Sandra,female
heinrich,male
Anita,female
Kenni,male
Helena,female
Alexandra,female
Helen,female
Lotte,female
Mikael,male
max,male
Jørn,male
Belinda,female
Lecia,female
Ejgild,female
Fia,female
Anne-Lise,female
Alec,male
Isabel,female
Electrolux,unknown
Patrick,male
Christoffer,male
SJOC,unknown
Stella,female
Joel,male
Oskar,male
Thrine,female
Øjvind,male
Emma,female
Janne,female
Sven-Åge,male
Charlotta,female
Natalia,female
Sara,female
Gudrun,female
Sabina,female
Johanne,female
Ane,female
Sandi,female
Sebastian,male
Kjeld,male
Hair,unknown
Britta,female
Anne-Mette,female
Teddy,male
julie,female
Lonny,male
steffan,male
Anton,male
Jeffri,male
Mogens,male
Raimo,male
Laurits,male
Viola,female
Sean,male
Lasse,male
Michala,female
Christopher,male
Mollerups,unknown
Kaj,male
Tore,male
Bonitta,female
Knud-ejolf,unknown
Tom,male
Nicolas,male
Ordrup,unknown
Christel,female
Nhi,female
Kvickly,unknown
Ronny,male
Denise,female
Maj-Britt,female
Jens-Kristian,male
Carsten,male
Maibritt,female
Sussie,female
Gabrielle,female
vagn,male
Michia,unknown
Camila,female
Dansk,unknown
Zaim,male
Petricia,female
Lars-Emil,male
Conny,unknown
Catharina,female
Frits,male
Oluf,male
yrsa,female
Anne-Lene,female
Maja,female
Tove,female
JLT,unknown
Bolette,female
Benny,male
Lisette,female
Willy,male
Steven,male
Ronja,female
Bert,male
Smilla,female
Zenia,female
Elsebeth,female
inge-lise,female
Nete,female
Maig,unknown
Hanna,female
Magnus,male
Cafe,unknown
Kai,male
Sonja,female
Lisbet,female
Roland,male
Luise,female
Lizette,female
Cem,male
Jackie,female
Danny,male
Alice,female
Johan,male
Testperson-se,unknown
Nisse,unknown
Mai,female
Pete,male
Patrik,male
Victoria,female
Rie,female
Agnieszka,female
Ketty,female
jill,female
Samuel,male
Anneli,female
Mathilde,female
Melika,female
Lovisa,female
Dandomain,unknown
Nils,male
Niclas,male
Janos,male
Julius,male
Sung,male
Magdalena,female
Fredrik,male
Stephan,male
Monica,female
mattis,male
Mona,female
Lars-Göran,male
Larry,male
Johnni,male
Shagy,unknown
sancika,female
Ted,male
Sylvain,male
Asbjørn,male
Susan,female
Gerda,female
Ruben,male
Efva,female
Åke,male
Kimberley,female
Elsa,female
Grete,female
Lena,female
Susie,female
Joakim,male
Britt-Marie,female
Greta,female
Eske,male
Petter,male
Nora,female
Freja,female
Erling,male
Mattias,male
Karolina,female
Pau,male
Ajse,female
Emil,male
Mia,female
Viktoria,female
Elina,female
Jeanet,female
nettie,female
Birgitta,female
Miriam,female
Adam,male
Viggo,male
majken,female
Ester,female
Torgny,male
Jimmy,male
Kristine,female
Asger,male
Elena,female
Tobias,male
Matti,male
Frans,male
Jean,male
Håkan,male
håvard,male
Nicklas,male
Isabell,female
Francy,female
Vera,female
minea,female
Urban,male
Annika,female
Petra,female
RONALD,male
Zeshan,male
Jenny,female
test,unknown
Omar,male
Dorthea,female
Benedikte,female
Therese,female
Lynge,unknown
Carl,male
Johanna,female
Elisabet,female
Katrin,female
Elaine,female
Carin,female
Heidie,female
Oliver,male
Hjalte,male
Åsgerd,female
Maya,female
Kirstine,female
Jennifer,female
Ina,female
Nadja,female
Krister,male
Palle,male
Farzad,male
Ingela,female
Kenth-Bertil,male
Staffan,male
Ingrid,female
Agneta,female
Melanie,female
Tano,unknown
Christine,female
Marina,female
Steinar,male
Ragnar,male
Birte,female
Hellen,female
Tilbage,unknown
Cecilia,female
stina,female
Olle,male
Annedorte,female
Göran,male
Florentina,female
Salwa,female
Danijela,female
Marie-Louise,female
viktor,male
Josef,male
Emely,female
Kerstin,female
Sanna,female
Lars-Erik,male
annelise,female
MALIN,female
Nastja,female
Zandra,female
Malu,female
Klaudio,male
Kikki,female
Julia,female
Ulf,male
Claes,male
Åsa,female
Katarina,female
Frida,female
Ludvig,male
Robert,male
gerhard,male
ARNE-HALVOR,male
Mercedes,female
Valdemar,male
Liv,female
Joy,female
Emelie,female
Tanía,female
Markus,male
Denis,male
Helle-Mai,female
Hugo,male
Tuula,female
Lukas,male
Stephanie,female
Klas,male
Caroline,female
Solbjørn,male
Dan,male
Ann-Charlotte,female
Jonathan,male
Gro,female
Gunilla,female
Jonny,male
mariane,female
Olov,male
Mårten,male
MARZENA,female
Berndt,male
Roo,unknown
Rolf,male
Fleming,male
Villads,male
Kaja,female
Karoline,female
Sophia,female
Skau,unknown
Kajsa,female
Anne-Grethe,female
Andrew,male
Kasra,male
N,unknown
Rosa,female
Carolina,female
Jessica,female
Karzan,male
Marcus,male
Margaret,female
Sonny,male
Francisca,female
Måns,male
sls,unknown
Frontoffice,unknown
Ginny,female
Ossian,male
Bengt,male
Stinne,female
ILONA,female
Holger,male
Ebba,female
Sune,male
Jaan,male
Sys,female
Juha,male
Atle,male
Raitis,male
Gillis,male
Mina,female
Pontus,male
Proudlypresent,unknown
Charlie,male
Ewa,female
Kalle,male
Selam,female
Nayana,female
Ali,male
Marc,male
Knud,male
Jytta,female
C,unknown
flo,unknown
Kløvedal,unknown
Linus,male
orla,unknown
Anne-Marie,female
Carrinna,female
Rebecka,female
Gamblin,unknown
Felipe,male
Paw,male
Carola,female
Kuirt,unknown
Glenn,male
EVZ,unknown
Ann-Marie,female
Cornelius,male
Paulina,female
jorit,female
Kobra,unknown
Kristofer,male
Britt,female
Kenn-Ulrik,male
Ulrika,female
Josephine,female
Iris,female
Kicki,female
Eva-Marie,female
Katja,female
Didde,female
Anna-Kristina,female
Sascha,unknown
henry,male
Mimi,female
kenn,male
Maud,female
Linea,female
Katarzyna,female
Jana,female
Ann-Christin,female
KKArt,unknown
Patric,male
Gunhild,female
Ninni,female
Mike,male
Kamilla,female
Ylva,female
Eric,male
Dragan,male
Mich,male
Linne,unknown
Eva-Karin,female
Barbro,female
Kurt-Åke,male
mats,male
Nadia,female
Rebekka,female
Monika,female
AK,unknown
Ann-louise,female
Irina,female
Karl-Erik,male
Kjell,male
v/,unknown
Maltha,unknown
Otto,male
Mettesofie,unknown
Lotta,female
Scott,male
Maylu,unknown
karen-marie,female
Ritva,female
George,male
Yvonne,female
Marcella,female
thorbjorn,male
Rebecca,female
Harrieth,unknown
Fin,unknown
Peder,male
Heiko,male
Damir,male
Edel,female
Brandkärrsskolan,unknown
Richard,male
Samar,male
Carmen,female
Anna-Clara,female
Jes,male
Marit,female
Svenn,male
James,male
Lissen,female
Isabella,female
Marica,female
Jesöer,unknown
B,unknown
Wiebke,female
Magion,unknown
Polina,female
Rhiannon,female
Amber,female
Christer,male
Fredric,male
Rasa,female
Zelinda,female
Judith,female
Krestine,female
Binyam,male
Robin,male
Beert,unknown
Bet,unknown
Elva,female
Johannes,male
børge,male
Matilde,female
Nynne,female
Munna,unknown
Sissel,female
Clara,female
Margrethe,female
André,male
Louis,male
Esther,female
Ørsted,unknown
Sine,female
Rikard,male
Tage,male
Elvina,female
Sussi,female
Josefin,female
Achim,male
Suzanne,female
Michelle,female
Ellis,male
Ann-Kristin,female
Disa,female
Jing,unknown
Genia,female
Tyge,male
PO,unknown
Else,female
Klara,female
Bitte,female
Bianca,female
Matthias,male
Iva,female
Gabija,female
Rafael,male
Oscar,male
Vojislav,male
Keith,male
Jones,unknown
Felicia,female
Matilda,female
Jonatan,male
Sisanne,female
Brigitte,female
Gillian,female
Pelle,male
Ann-Nette,female
Daniella,female
Pasi,male
Selim,male
Siv,female
Kortsen,unknown
Keld,male
Pär,male
Josefine,female
Amalie,female
Cecilie,female
Rina,female
Anilta,female
Skånemäklarna,unknown
nikita,unknown
Nivi,female
Jay,male
Mari-Louise,female
Ingegerd,female
Linn,female
Edna,female
Micael,male
Hüseyin,male
Kit,male
Kennet,male
Beatrice,female
Bertil,male
PG,unknown
Rumyana,female
Jan-Erik,male
Annsofie,female
Torun,female
Lorenz,male
Bogumila,female
Billy,male
Janette,female
Marissa,female
Silja,female
Joost,male
Gröna,unknown
Ã?sa,female
Monique,female
Anine,female
Nikolai,male
Ingermarie,female
Lenn,male
Agnethe,female
Aksel,male
Gretha,female
Nils-Göran,male
Teppo,male
B0,unknown
Teena,female
Niklas,male
Vebjørn,male
Dvid,unknown
Kiki,female
Nikki,female
jeanne,female
Danielle,female
Harald,male
Thea,female
Denisa,female
Filip,male
One,unknown
Kristel,female
Gabriella,female
Eduardas,male
Daria,female
Jan-Åke,male
Jaqueline,female
natalie,female
Janus,male
Katixa,female
Brynjar,male
Anna-Karin,female
Emir,male
Kristjan,male
Wouter,male
Catarina,female
Ania,female
Vladimir,male
Khadija,female
Maia,female
Sasch,unknown
Babel,unknown
Sport,unknown
Nicole,female
Ronnie,male
Nefeli,female
Tybell,unknown
Leo,male
Kingsley,male
T,unknown
Hubert,male
Arbenita,female
Annelie,female
Kåre,male
Mik,unknown
Gustaf,male
Christofer,male
Solveig,female
Sorina,female
Caritha,female
Cristoffer,male
Joseph,male
Majid,male
Natasha,female
Annie,female
Hazze,unknown
Rookie,unknown
Cherie,female
Rickard,male
Pernilla,female
Ann-Helen,female
Kathrin,female
Sven,male
Jarmo,male
Anitta,female
Margareta,female
Celina,female
Melba,female
Sandy,female
Maite,female
Nhu,female
Judy,female
June,female
Nikka,female
Anna-Lena,female
Mariusz,male
Martha,female
Jennie,female
Regina,female
lenemarie,female
ola,male
Fejzullah,male
micke,male
Maibrith,female
Sif,female
Samantha,female
Rudi,male
Zeki,male
Ditte-Marie,female
Knut-Egil,male
Lasse-Hjo,unknown
Sinthuja,female
Pål,male
Kaare,male
Puk,female
Margarret,female
Rumena,female
Jasmine,female
Marwa,female
Emanuel,male
Bastian,male
Kari,female
Tonny,male
ronni,male
Gurli,female
Thor,male
Virpi,female
Brit,female
Sabine,female
Mounir,male
Emily,female
Borgar,male
Tejs,male
Iben,female
Gunnel,female
Eva-Charlotta,female
Felix,male
Anne-Grete,female
Ingalisa,unknown
Axel,male
Kimberly,female
Janet,female
Janelle,female
Leon,male
Hillevi,female
Oddmar,male
Blerta,female
Ári,male
Fred,male