Navn,Gender
Linnéa,Female
vera,Female
Odd,Male
Anne-Sofie,Female
Finnbogi,Male
birger,Male
Birger,Male
Birgith,Female
Birgithe,Female
Birgitt,Female
Birk,Male
Michael,Male
birte,Female
BIrthe,Female
Bjarni,Male
Bardur Jakupsson,Male
Bjerne,Male
Tor-Gisle,Male
BJARNE,Male
Bjørg,Female
Bjoern,Male
Bjørnar,Male
Jonna,Female
Bjørge,Male
Björk,Female
Bjørk,Female
Bjørn Frode,Male
björn,Male
Bjørn Tore,Male
BjÖRN,Male
bjørn,Male
Bjjørn,Male
Bjørn-Kåre,Male
Bende,unknown
Britt-Louise,Female
Madelene,Female
Anna-karin,Female
Bea,Female
Børge Christian,Male
BIRGITTE,Female
Bine,Female
Bob,Male
Georgia,Female
Bodhild,Female
Svenska,unknown
bodil,Female
Sten,Male
Boel,Female
Sarfalerisut,unknown
Bert-Olof,Male
Bojanna,Female
Bo-Göran,Male
Sabrina,Female
tore,Male
bo,Male
jenny,Female
Marcelo,Male
Nemia,Female
Nicholas,Male
Gladys,Female
Grazie,Female
Poul-Erik,Male
Stig,Male
Bbb,unknown
Borghild,Female
Boris,Male
Borgny,Female
Tingstedt,unknown
borit,unknown
Börje,Male
Aaron,Male
Bosse,Male
bosse,Male
Boo,Male
Ingemar,Male
Josias,Male
Knut,Male
Boyer,Male
Vivian,Female
Brede,Male
Bredo,Male
Ninka,Female
Helga,Female
Brenda,Female
Marion,Female
May-Britt,Female
brian,Male
Sigfred,Male
Ingrida,Female
Gro Merete,Female
Brit K,Female
Brita Skov,Female
Brith,Female
Britha,Female
britt,Female
Ove,Male
Britta Quitzau,Female
Britta Morsing,Female
Britt-Unni,Female
BRITT,Female
Britt-marie,Female
Ola,Male
jacob,Male
Bror,Male
Georg,Male
Bruce-Wayne,Male
Micahel,Male
Malin,Female
kjetil,Male
Brynja,Female
Bo Boje,Male
Morgan,Male
Bjørnulf,Male
Burcak,unknown
Denni,Male
Øivind,Male
Bogdan,Male
Bjørn-Vidar,Male
Freddie,Male
Orsolya,Female
C-G,unknown
Christa,Female
Christinna,Female
Cathrina,Female
Claudia,Female
Christiane,Female
Chris,Male
christian,Male
Catrine,Female
Cæcilie,Female
Cai,Male
Dosanka,Female
Cajsa,Female
Carl-Magnus,Male
Calle,Male
Carl-Erik,Male
Ulrica,Female
karen,Female
Camille,Female
CAMILLA,Female
camilla,Female
Camilla Schläger,Female
Nordbohus,unknown
Kemp,unknown
Camilla Lykkebøe,Female
Mary,Female
Cansu,Female
Nurcan,Female
Klas-Erik,Male
Lars Helge,Male
Jeanett,Female
Yonnies,unknown
Carita,Female
Carl-Henric,Male
Carl Fredrik,Male
carl,Male
Carla,Female
Jorgen,Male
Jörgen,Male
Mudie,unknown
Carl Christian,Male
Carl-Göran,Male
Carl-johan,Male
Carl-Johan,Male
Georgina,Female
Lollo,unknown
Carmine,Male
Carolin,Female
caroline,Female
Caroline,Female
carolin,Female
carsten,Male
Vivi Høy,Female
Carsten,Male
ERIK,Male
Casandra,Female
Agustin,Male
Caspar,Male
Casper W.,Male
casper,Male
Casper,Male
Carl-Axel,Male
Catalina,Female
Catalin,Male
Catherine,Female
Catharina,Female
cathrine,Female
Cathrin K,Female
Cathy,Female
Catina,Female
Catja,Female
Cato,Male
Catrin,Female
Catrina,Female
Bjarrum,unknown
Vita,Female
Christian Brandi,Male
Søren Christian Eskelund,Male
Nyhavns,unknown
Gordon,Male
Craig,Male
cecilia,Female
Enköpings,unknown
Cecilie,Female
Kali,unknown
cecilie,Female
Cecillie Riis,Female
Cecilie L.,Female
Celeste,Female
Celine,Female
Dusan,Male
Hey,unknown
cg,unknown
Chanet,Female
Chanett,Female
Chanie,Female
Channe Frost,Female
Chano,unknown
Chantale,Female
jette,Female
charlie,unknown
Sahlin,unknown
charlotte,Female
Chal1003,unknown
Strängnäs,unknown
Charlotte,Female
Charlott,Female
Chastine corell,Female
Chatarina,Female
Cheryl,Female
Loi,unknown
Chamiran,unknown
Freddy,Male
Chlifford,Male
Dmitry,Male
Aalborg,unknown
christoffer,Male
Abdullah,Male
Christen,Male
Chresten,Male
chris,Male
Christa Elisabeth Volmer,Female
christel,Female
Frederikke,Female
helene,Female
christer,Male
Säkerhetstjänst,unknown
John-Christian,Male
Christian Emil Bjerrum,Male
Salg,unknown
Eliane,Female
Christina,Female
christina,Female
Christina Khoa,Female
Christine,Female
Christle,Female
Christof,Male
Christoph,Male
marc,Male
Christopher,Male
Christian Primdahl,Male
Hilde,Female
Olivier,Male
Cihan,Male
Cecilie Stampe,Female
Line Cillieborg,Female
Cim,unknown
Marco,Male
Cindy,Female
Marcin,Male
Christophe,Male
karin,Female
Cisse,unknown
Patricia,Female
Cita,Female
Carlsberg,unknown
Carol KF. Lee,Female
Hannah,Female
claes,Male
CLAES,Male
Claes-Peter,Male
claesson,unknown
Claire,Female
Wong,unknown
Clarence,Male
Clas,Male
Claudia,Female
Claudio,Male
finn,Male
martin,Male
Claus Ottow,Male
robert,Male
Clemens,Male
Annemiek,Female
Clarissa,Female
Midtsjællands,unknown
Merwte,unknown
Charlotte Moltup,Female
Colin,Male
Essie,Female
karsten,Male
Constanza,Female
Conni,Female
conny,Male
Conny Munck,Male
Consol,unknown
Pernille,Female
Tamira,Female
tobias,Male
Siobhan,Female
Kenn,Male
Tanyalak,unknown
Hans-Joachim,Male
Cora,Female
kåre,Male
Corinne,Female
Nordiqus AB,unknown
Cornelia,Female
Susana,Female
Ines,Female
Cristina,Female
Cristel,Female
hampus,Male
chantall,Female
Claes-Thore,Male
Zara,Female
Christoffer,Male
Dick,Male
dina,Female
Lars Peter,Male
Dorte,Female
Donatella,Female
sandra,Female
Dag,Male
Dag Are,Male
Dagfinn,Male
Kristin Ødeskaug,Female
Dagne,Female
Christo,Male
Dahn,unknown
Daida,Female
Daisy,Female
Charlotte Dalhoff,Female
Dalia,Female
D,D
Dana,Female
Danai,Female
DanÅke,Male
Dan-Anders,Male
Dani,unknown
daniel,Male
Daniel Egedal,Male
Jeandre,unknown
Daniel Efe,Male
Daniele,unknown
Daniel Vestergaard,Male
Malgosia,Female
Daniela,Female
preben,Male
Dorteé,Female
Dann,unknown
karin rømer,Female
Daphne,Female
Dario,Male
Darius,Male
Darko,Male
tina,Female
david,Male
David,Male
David Kildendal,Male
Scouterna;,unknown
David Arnold,Male
Davide,Male
Davur,unknown
ditte,Female
Dea,Female
Reidun,Female
Debbie,Female
Decha,unknown
Andreea,Female
agustin,Male
Delia,Female
Mitchel,Male
Marcel,Male
Luca,Male
Ianina,Female
Dimitrios,Male
pia,Female
dennis,Male
Designhuset,unknown
Desislava,Female
Desiré,Female
Desireé,Female
Deta,unknown
Devin,Male
sdff,unknown
Didrik,Male
Skoringen,unknown
Gavnø,unknown
Diane,Female
Dickte,unknown
Diderik,Male
Dijana,Female
Dine,Female
Dion,Male
Terje,Male
Espen,Male
Ditlev,Male
Ditte,Female
Gina,Female
brita,Female
johnny,Male
Dessislava,Female
Doris,Female
Dee,Female
Dodo,unknown
Rene,Male
Hanne,Female
anatoli,Male
Dominykas,Male
Ea,Female
Donald,Male
Donna,Female
Dordi,Female
Dorota,Female
Gertruda,Female
dorrit,Female
Dorte Bloch,Female
Dorthe Beck,Female
Dorthe Iwan,Female
Niels Erik,Male
Dorthe,Female
Døstrup Tømrerforretning A/S,unknown
Dortea,Female
Douglas,Male
Dannie,unknown
Dirk,Male
Janne Karin,Female
Eveline,Female
Helen,Female
heidi,Female
Roy,Male
Sophie,Female
Anna-Louise,Female
Anne-Dorthe,Female
Dariusch,Male
EVA,Female
Danni,unknown
Hansen,unknown
Duc,Male
Laila,unknown
august,unknown
Edin,unknown
Aviaaja,unknown
aviaja,unknown
Aya,unknown
Ayoe,unknown
Aytac ,unknown
Aziza,unknown
Anna Elisa,unknown
birgitte,unknown
Birgit ,unknown
Björg,unknown
Bernd,unknown
Birgith ,unknown
Burkhard,unknown
borge,unknown
Børge,unknown
Benita,unknown
bob,unknown
bente,unknown
bjarne,unknown
Bård,unknown
Jens Peter,unknown
Margaretha,unknown
Andreas ,unknown
Babette,unknown
Pernile,unknown
Jerker,unknown
lene,unknown
Fernando,unknown
Bernt,unknown
Sattar,unknown
Naja,unknown
Ildiko,unknown
Thijs,unknown
Jansson,unknown
Arpad,unknown
Betinna,unknown
Anne-Margrete,unknown
Hossein,unknown
Han,unknown
Thi,unknown
Gullan,unknown
Barbara,unknown
Barbora,unknown
Frode,unknown
Julie,unknown
Eik,unknown
Barry,unknown
Bart,unknown
Marek,unknown
Manfred,unknown
Basher,unknown
Lise-Lotte,unknown
Basil,unknown
Michel,unknown
Hanne Marte,unknown
mette,unknown
V,unknown
Bernhard,unknown
Birgit Bach,unknown
E/F,unknown
Beathe,unknown
Beata,unknown
Beate,unknown
Beerith,unknown
Begitte,unknown
Bertel,unknown
Belinda ,unknown
Bella,unknown
Bella ,unknown
Nabeel,unknown
Bendik,unknown
Bendt,unknown
Benedicte ,unknown
Benedicte,unknown
Benedikt,unknown
Benedikte Aurora,unknown
Bengt-Olof,unknown
Bengt-Arne,unknown
Linda ,unknown
Bengt-Göran,unknown
benjamin,unknown
Benn,unknown
Benthe,unknown
Bennie,unknown
BENNY,unknown
Bent-Egon,unknown
Annalisa,unknown
bent,unknown
bendt,unknown
Preben ,unknown
Bente F.,unknown
Bente og Peer,unknown
Bente Pihl,unknown
Bente ,unknown
Bente-Lill,unknown
Bera,unknown
Per-Åke,unknown
Jermin ,unknown
Brage,unknown
Edwin,unknown
ÅSa,unknown
Madsen,unknown
Bergitte,unknown
Stein,unknown
Berith,unknown
Bernt Harry,unknown
Berne,unknown
Berno,unknown
Björn,unknown
Nikoletta,unknown
jesper,unknown
andreas,unknown
Bill,unknown
Torger,unknown
Beryl,unknown
Geir,unknown
Mejeriet,unknown
betina,unknown
Betina Bacher,unknown
Betine,unknown
Bettina ,unknown
bettine,unknown
Betty,unknown
Bjarte,unknown
Børre,unknown
Revision,unknown
Beth,unknown
keld,unknown
Biljana,unknown
Beritha,unknown
Bibbi,unknown
Bibi,unknown
Fía,unknown
 Biljana,unknown
Hjørring,unknown
Biel,unknown
Bilal,unknown
Brit-Inger,unknown
Sören,unknown
bill,unknown
Illy,unknown
Ale,unknown
Birgitta ,unknown
birger,unknown
Birger ,unknown
Birgith,unknown
Birgithe,unknown
Birgitt,unknown
Birk,unknown
Michael ,unknown
birte,unknown
BIrthe,unknown
Bjarni,unknown
Bardur Jakupsson ,unknown
Bjerne,unknown
Tor-Gisle,unknown
BJARNE,unknown
Bjørg,unknown
Bjoern,unknown
Bjørnar,unknown
Jonna,unknown
Bjørge,unknown
Björk,unknown
Bjørk,unknown
Bjørn Frode,unknown
björn,unknown
Bjørn Tore ,unknown
BjÖRN,unknown
bjørn,unknown
Bjjørn,unknown
Bjørn-Kåre,unknown
Bende,unknown
Britt-Louise,unknown
Madelene,unknown
Anna-karin,unknown
Bea,unknown
Børge Christian,unknown
BIRGITTE,unknown
Bine,unknown
Bob,unknown
Georgia,unknown
Bodhild,unknown
Svenska,unknown
bodil,unknown
Sten,unknown
Boel,unknown
Sarfalerisut,unknown
Bert-Olof,unknown
Bojanna,unknown
Bo-Göran,unknown
Sabrina,unknown
tore,unknown
bo,unknown
jenny,unknown
Marcelo ,unknown
Nemia,unknown
Nicholas,unknown
Gladys,unknown
Grazie,unknown
Poul-Erik,unknown
Stig,unknown
Bbb,unknown
Borghild,unknown
Boris,unknown
Borgny,unknown
Tingstedt,unknown
borit,unknown
Börje,unknown
Aaron,unknown
Bosse,unknown
bosse,unknown
Boo,unknown
Ingemar,unknown
Josias,unknown
Knut,unknown
Boyer,unknown
Vivian,unknown
Brede,unknown
Bredo,unknown
Ninka,unknown
Helga,unknown
Brenda,unknown
Marion,unknown
May-Britt,unknown
brian,unknown
Sigfred ,unknown
Ingrida,unknown
Gro Merete,unknown
Brit K,unknown
Brita Skov,unknown
Brith,unknown
Britha,unknown
britt,unknown
Ove,unknown
Britta Quitzau,unknown
Britta Morsing,unknown
Britt-Unni,unknown
BRITT,unknown
Britt-marie,unknown
Ola,unknown
jacob,unknown
Bror,unknown
Georg,unknown
Bruce-Wayne,unknown
Micahel,unknown
Malin,unknown
kjetil,unknown
Brynja,unknown
Bo Boje,unknown
Morgan,unknown
Bjørnulf,unknown
Burcak,unknown
Denni,unknown
Øivind,unknown
Bogdan,unknown
Bjørn-Vidar,unknown
Freddie,unknown
Orsolya,unknown
C-G,unknown
Christa,unknown
Christinna,unknown
Cathrina,unknown
Claudia,unknown
Christiane,unknown
Chris,unknown
christian,unknown
Catrine,unknown
Cæcilie,unknown
Cai,unknown
Dosanka,unknown
Cajsa,unknown
Carl-Magnus,unknown
Calle,unknown
Carl-Erik,unknown
Ulrica,unknown
karen,unknown
Camille,unknown
CAMILLA ,unknown
camilla,unknown
Camilla Schläger,unknown
Nordbohus,unknown
Kemp,unknown
Camilla Lykkebøe,unknown
Mary,unknown
Cansu,unknown
Nurcan,unknown
Klas-Erik,unknown
Lars Helge,unknown
Jeanett,unknown
Yonnies,unknown
Carita,unknown
Carl-Henric,unknown
Carl Fredrik ,unknown
carl,unknown
Carla,unknown
Jorgen,unknown
Jörgen,unknown
Mudie,unknown
Carl Christian,unknown
Carl-Göran,unknown
Carl-johan,unknown
Carl-Johan,unknown
Georgina,unknown
Lollo,unknown
Carmine,unknown
Carolin,unknown
caroline,unknown
Caroline ,unknown
carolin,unknown
carsten,unknown
Vivi Høy,unknown
Carsten ,unknown
ERIK,unknown
Casandra,unknown
Agustin ,unknown
Caspar,unknown
Casper W.,unknown
casper,unknown
Casper ,unknown
Carl-Axel,unknown
Catalina,unknown
Catalin,unknown
Catherine,unknown
Catharina ,unknown
cathrine,unknown
Cathrin K,unknown
Cathy,unknown
Catina,unknown
Catja,unknown
Cato,unknown
Catrin,unknown
Catrina,unknown
Bjarrum,unknown
Vita,unknown
Christian Brandi,unknown
Søren Christian Eskelund,unknown
Nyhavns,unknown
Gordon,unknown
Craig,unknown
cecilia,unknown
Enköpings,unknown
Cecilie ,unknown
Kali,unknown
cecilie,unknown
Cecillie Riis,unknown
Cecilie L. ,unknown
Celeste,unknown
Celine,unknown
Dusan,unknown
Hey,unknown
cg,unknown
Chanet,unknown
Chanett,unknown
Chanie,unknown
Channe Frost,unknown
Chano,unknown
Chantale,unknown
jette,unknown
charlie,unknown
Sahlin,unknown
charlotte,unknown
Chal1003,unknown
Strängnäs,unknown
Charlotte ,unknown
Charlott,unknown
Chastine corell,unknown
Chatarina,unknown
Cheryl,unknown
Loi,unknown
Chamiran,unknown
Freddy,unknown
Chlifford,unknown
Dmitry,unknown
Aalborg,unknown
christoffer,unknown
Abdullah,unknown
Christen,unknown
Chresten,unknown
chris,unknown
Christa Elisabeth Volmer,unknown
christel,unknown
Frederikke,unknown
helene,unknown
christer,unknown
Säkerhetstjänst,unknown
John-Christian,unknown
Christian Emil Bjerrum,unknown
Salg,unknown
Eliane,unknown
Christina ,unknown
christina,unknown
Christina Khoa ,unknown
Christine ,unknown
Christle,unknown
Christof,unknown
Christoph,unknown
marc,unknown
Christopher ,unknown
Christian Primdahl,unknown
Hilde,unknown
Olivier,unknown
Cihan,unknown
Cecilie Stampe,unknown
Line Cillieborg,unknown
Cim,unknown
Marco,unknown
Cindy,unknown
Marcin,unknown
Christophe,unknown
karin,unknown
Cisse,unknown
Patricia,unknown
Cita,unknown
Carlsberg,unknown
Carol KF. Lee,unknown
Hannah,unknown
claes,unknown
CLAES,unknown
Claes-Peter,unknown
claesson,unknown
Claire,unknown
Wong,unknown
Clarence,unknown
Clas,unknown
Claudia ,unknown
Claudio,unknown
finn,unknown
martin,unknown
Claus Ottow,unknown
robert,unknown
Clemens,unknown
Annemiek,unknown
Clarissa,unknown
Midtsjællands,unknown
Merwte,unknown
Charlotte Moltup,unknown
Colin,unknown
Essie,unknown
karsten,unknown
Constanza,unknown
Conni,unknown
conny,unknown
Conny Munck,unknown
Consol,unknown
Pernille ,unknown
Tamira,unknown
tobias,unknown
Siobhan,unknown
Kenn,unknown
Tanyalak,unknown
Hans-Joachim,unknown
Cora,unknown
kåre,unknown
Corinne,unknown
Nordiqus AB,unknown
Cornelia,unknown
Susana,unknown
Ines,unknown
Cristina,unknown
Cristel,unknown
hampus,unknown
chantall,unknown
Claes-Thore,unknown
Zara,unknown
Christoffer ,unknown
Dick,unknown
dina,unknown
Lars Peter,unknown
Dorte ,unknown
Donatella,unknown
sandra,unknown
Dag,unknown
Dag Are,unknown
Dagfinn,unknown
Kristin Ødeskaug,unknown
Dagne,unknown
Christo,unknown
Dahn,unknown
Daida,unknown
Daisy,unknown
Charlotte Dalhoff,unknown
Dalia,unknown
D,unknown
Dana,unknown
Danai,unknown
DanÅke,unknown
Dan-Anders,unknown
Dani,unknown
daniel,unknown
Daniel Egedal,unknown
Jeandre,unknown
Daniel Efe ,unknown
Daniele,unknown
Daniel Vestergaard,unknown
Malgosia,unknown
Daniela,unknown
preben,unknown
Dorteé,unknown
Dann,unknown
karin rømer,unknown
Daphne,unknown
Dario,unknown
Darius,unknown
Darko,unknown
tina,unknown
david,unknown
David ,unknown
David Kildendal,unknown
Scouterna;,unknown
David Arnold ,unknown
Davide,unknown
Davur,unknown
ditte,unknown
Dea,unknown
Reidun,unknown
Debbie,unknown
Decha,unknown
Andreea,unknown
agustin,unknown
Delia,unknown
Mitchel,unknown
Marcel,unknown
Luca,unknown
Ianina,unknown
Dimitrios,unknown
pia,unknown
dennis,unknown
Designhuset,unknown
Desislava,unknown
Desiré,unknown
Desireé,unknown
Deta,unknown
Devin,unknown
sdff,unknown
Didrik,unknown
Skoringen,unknown
Gavnø,unknown
Diane,unknown
Dickte,unknown
Diderik,unknown
Dijana,unknown
Dine,unknown
Dion,unknown
Terje,unknown
Espen,unknown
Ditlev,unknown
Ditte ,unknown
Gina,unknown
brita,unknown
johnny,unknown
Dessislava,unknown
Doris,unknown
Dee,unknown
Dodo,unknown
Rene,unknown
Hanne ,unknown
anatoli,unknown
Dominykas,unknown
Ea,unknown
Donald,unknown
Donna,unknown
Dordi,unknown
Dorota,unknown
Gertruda,unknown
dorrit,unknown
Dorte Bloch,unknown
Dorthe Beck,unknown
Dorthe Iwan,unknown
Niels Erik,unknown
Dorthe ,unknown
Døstrup Tømrerforretning A/S,unknown
Dortea,unknown
Douglas,unknown
Dannie,unknown
Dirk,unknown
Janne Karin,unknown
Eveline,unknown
Helen ,unknown
heidi,unknown
Roy,unknown
Sophie,unknown
Anna-Louise,unknown
Anne-Dorthe,unknown
Dariusch,unknown
EVA,unknown
Danni,unknown
Hansen,unknown
Duc,unknown
Marte,unknown
Dulsi,unknown
Duncan,unknown
Daniel ,unknown
Arctic Import,unknown
dorthe,unknown
Lotte ,unknown
malene,unknown
thomas,unknown
Dyveke,unknown
Dzenana,unknown
Eivind,unknown
Edward,unknown
Eva-Lisa,unknown
Ellen-Margrethe,unknown
Emil Christian Stillhoff,unknown
Elizabeth,unknown
Ewen,unknown
Ghita,unknown
Jørgen ,unknown
Evelyn,unknown
erik,unknown
Einar,unknown
JENS,unknown
erling,unknown
Baste,unknown
Byens,unknown
eva,unknown
Edvina,unknown
Eddie,unknown
Eden,unknown
EDIN,unknown
mersudin,unknown
Edita,unknown
Edith,unknown
Edvard,unknown
Edvin,unknown
Denny,unknown
edwin,unknown
Ermias,unknown
Erika,unknown
Egil,unknown
Janni,unknown
Carlos,unknown
egil,unknown
Egle,unknown
EGON,unknown
Evi,unknown
Erlend,unknown
erwin,unknown
Erica,unknown
Eie,unknown
Eigil,unknown
Eija,unknown
Eira,unknown
Johan ,unknown
Eiren,unknown
Eirik,unknown
Eirin,unknown
Trond,unknown
Eivor,unknown
Eivinvd,unknown
Evy,unknown
Ejnar,unknown
ejno,unknown
Ejo,unknown
Ejvind,unknown
Elvira,unknown
Ernada,unknown
Lilis,unknown
albert,unknown
Ekin samer,unknown
Eldor,unknown
Sondre,unknown
elena,unknown
Eleni,unknown
Elenor,unknown
Eleonor,unknown
Marielle,unknown
Hassan,unknown
Ellinor,unknown
Eli,unknown
Kullungstad,unknown
Eli-Anne,unknown
Elias,unknown
Eliasson,unknown
Elin Margrethe,unknown
Rosander,unknown
Eline,unknown
Eline Laud People,unknown
ELIN,unknown
Elinor,unknown
Elisabeth ,unknown
Elisa,unknown
Elise,unknown
Elisabeth Delbekk ,unknown
Elizabeth Struve,unknown
Elle,unknown
Thakshila,unknown
Ellen lima,unknown
ellen,unknown
Elly,unknown
Henny,unknown
Ellinor ,unknown
Ellis Heje,unknown
Bodilk,unknown
Elo,unknown
Else-Marie,unknown
Elspeth & Gustaf,unknown
Elvan,unknown
Nermin,unknown
Eva Marlen,unknown
Emeli,unknown
Emielie,unknown
emil,unknown
Emilia,unknown
Eva-Sofi,unknown
Emiliya ,unknown
Emils,unknown
Emina,unknown
Eilert,unknown
EMMA,unknown
emma,unknown
Emma Victoria Thorndahl,unknown
Emms,unknown
Esaias,unknown
Emmelie,unknown
Emmeli,unknown
Emmilie,unknown
Emmy,unknown
Ethan,unknown
Cederblads,unknown
Jerry,unknown
Enes,unknown
Endre Haugse,unknown
Endre,unknown
Enette,unknown
Larsbjørn,unknown
susi,unknown
Lilli,unknown
jannik,unknown
Enok,unknown
Ulla Christina,unknown
Enrico,unknown
Enys,unknown
Sveinung,unknown
ELKE,unknown
Mogens ,unknown
uffe,unknown
Ernst,unknown
Kunstner,unknown
Hagman,unknown
Erich,unknown
Erick,unknown
Erik Grieg Viig,unknown
Erikas,unknown
Erika ,unknown
Filore,unknown
Kirsti,unknown
Fini,unknown
FiniPreben,unknown
Finly,unknown
Winnie,unknown
LASSE,unknown
Stina,unknown
Jostein,unknown
Fjelsted,unknown
Franziska,unknown
Merethe,unknown
Flemming Hjorth,unknown
flemming,unknown
Kjell Refvik,unknown
Kenny,unknown
Flora,unknown
Florence,unknown
Florian,unknown
Lin,unknown
Fransisca,unknown
Dorte Rosenbæk Daneholm,unknown
Cathérine,unknown
Kitty,unknown
Willi,unknown
Carrie,unknown
Kivie,unknown
marianne,unknown
Frank Møller Hoffmann,unknown
Frankie,unknown
Frank S.,unknown
Frantzeska,unknown
Frauke,unknown
Jf,unknown
Fredrij,unknown
Tine Vind,unknown
fredderik,unknown
Frederick,unknown
fred,unknown
Fredly,unknown
Fredrick,unknown
Bjurfors,unknown
Fredrik ,unknown
Fredrika,unknown
freja,unknown
Freya,unknown
Fritz,unknown
Kimmey,unknown
Region,unknown
Özlem,unknown
frida,unknown
Fride,unknown
Fridtjof Holst,unknown
Frieda,unknown
Claus ,unknown
Kathinka,unknown
Ullrika,unknown
Rikke Pilgaard,unknown
Frode Harald,unknown
Frants,unknown
Francesca,unknown
Jeannette,unknown
Find,unknown
Fatih,unknown
FTLF,unknown
FTLF Karen,unknown
Sudarat,unknown
Henning ,unknown
Frithjof,unknown
lotte,unknown
Niels-Jørn,unknown
Gerd,unknown
Gry,unknown
Grzegorz,unknown
Günter,unknown
Gøril,unknown
tee,unknown
Gabriel,unknown
Henric,unknown
nadja,unknown
Slagslunde,unknown
Gazmend,unknown
Gunn-Britt,unknown
Gonzalo,unknown
Geert ,unknown
Berggård,unknown
Geira,unknown
Geir-Ole,unknown
Geir Magnar,unknown
Geir Olav,unknown
Geirr,unknown
Geert,unknown
Gela,unknown
Juergen,unknown
Georgia ,unknown
gerd,unknown
Gergana,unknown
Gerhard,unknown
Vidar,unknown
Germaine,unknown
Herman,unknown
gerner,unknown
Gerrit,unknown
Gerry,unknown
Neele,unknown
margetta,unknown
gunnar,unknown
gabriela,unknown
Geir Håvard,unknown
GIANPAOLO,unknown
Gia,unknown
Gilad,unknown
Gilbert,unknown
Gill,unknown
Gillan,unknown
Ginette,unknown
Gisela,unknown
Gisela Maria,unknown
Gisle,unknown
GITTE,unknown
Gitta,unknown
gitte,unknown
Gitte Dolmer,unknown
Peer,unknown
Hanne-gitte,unknown
 Birgitta ,unknown
giulia,unknown
Michaels,unknown
Gregor,unknown
Guro,unknown
Gjermund,unknown
Gjertrud,unknown
Gjoko,unknown
Gunn Kristin ,unknown
Lundström,unknown
Lonni,unknown
Glennie,unknown
Glen,unknown
JACOB,unknown
Norrbom,unknown
Gaynor,unknown
geir,unknown
Grit,unknown
Sigrid,unknown
GERT-OVE RAGNAR,unknown
Gösta,unknown
Marietta,unknown
Ilse,unknown
Hierbæk,unknown
Geir Odd ,unknown
Geir Ove,unknown
Stephen,unknown
Gopana,unknown
Göran ,unknown
Evalotta,unknown
Per-Olov,unknown
Gorm,unknown
gorm,unknown
Gavin,unknown
Samra,unknown
Lars-Micael,unknown
Greger,unknown
Gregers,unknown
Grejs,unknown
Grelsminde,unknown
grethe,unknown
Gerner,unknown
Grethe Melsom,unknown
Gabriele,unknown
kurt,unknown
Gritt,unknown
Drazen,unknown
Kolbjørn,unknown
gry,unknown
Grith,unknown
søren,unknown
Gudmund,unknown
"Kisa,"
Gunter,unknown
Tiana,unknown
Guleed,unknown
GULL-MAJ,unknown
Gül,unknown
Gun-Inger,unknown
Gun,unknown
Anne-Gro,unknown
Gundula ,unknown
GUNILLA,unknown
Gun-marie,unknown
Gunna,unknown
Maj-Lis,unknown
Gunner,unknown
Gunnhild,unknown
Gunnleyg,unknown
Gunno,unknown
Henry,unknown
Gunta,unknown
Denifl,unknown
Gunver,unknown
Gunvor Grødem,unknown
Guri-Anette,unknown
Guri,unknown
Gurid,unknown
Gurli-Ann,unknown
Gurmeet,unknown
Gustaf Axel Niklasson,unknown
gustav,unknown
Gustave,unknown
Jan-,unknown
Guy,unknown
Gyde,unknown
Helena ,unknown
Lizzi,unknown
Gyrid,unknown
John Ivan,unknown
H,unknown
H.,unknown
Henri,unknown
Håkon ,unknown
Halvor,unknown
Paal Håvard,unknown
Haaken,unknown
Håvard,unknown
Hans-Erik,unknown
HANS,unknown
KJ Supply,unknown
Hadi,unknown
Haakon,unknown
Hagen,unknown
JanssonHagström,unknown
farzaneh,unknown
HÅKAN,unknown
Hakon,unknown
Hallgeir,unknown
hallerstrom,unknown
Ann-Kristine,unknown
Halvar,unknown
Vigdis,unknown
Hamna,unknown
Per Erik,unknown
Hana,unknown
Ekonomteamet,unknown
gina,unknown
Hanna-Maija,unknown
Hanna ,unknown
hanna,unknown
hanne,unknown
Hannele,unknown
Hanne Kirstine,unknown
Hannes,unknown
Hanni,unknown
hanno,unknown
hans,unknown
Hans H,unknown
Hans ,unknown
Hans Jørgen,unknown
Hans-Nicolai,unknown
HANS-OVE,unknown
Hans-Georg,unknown
Hans-Åke,unknown
Hans-Arne,unknown
Svenja,unknown
Storm,unknown
Torkild,unknown
Hans-A,unknown
Hans Olav,unknown
Hans-Werner,unknown
Harald H.,unknown
Inge und Harald ,unknown
harald,unknown
Harchandan,unknown
Harika,unknown
Harri,unknown
Harriet,unknown
Harry,unknown
Tajik,unknown
Hasse,unknown
Hassina,unknown
Maja Marjut Anneli,unknown
Hathal,unknown
Haubarth,unknown
Eddi,unknown
Hayley,unknown
Haymer,unknown
Helena Hesgaard,unknown
Københavns øjen og skeleklinik,unknown
Bianka,unknown
Hege,unknown
Hans-Chr.,unknown
Heinrich,unknown
tesy,unknown
Hedvig,unknown
Hedda,unknown
Øyvind,unknown
CHRESTEN,unknown
Heidi ,unknown
Heidi-Maria,unknown
Heidy,unknown
Heike,unknown
Heikki,unknown
Heimar,unknown
Heimdal,unknown
Heine,unknown
Heino,unknown
Juhani,unknown
Frede,unknown
Hans erik,unknown
Sally,unknown
Yvonne ,unknown
Birgitte Held,unknown
Helen reløy,unknown
helena,unknown
Millqvist,unknown
Hélena,unknown
Teija,unknown
Helene Engelmark ,unknown
Heléne,unknown
helge,unknown
Isolde,unknown
helle,unknown
Dynes,unknown
Villerslev,unknown
Tinna,unknown
MIKKEL,unknown
L,unknown
Hendrikje,unknown
henning,unknown
Henrietta,unknown
Henrietta ,unknown
Henriette ,unknown
Henrik Holm,unknown
Henrika,unknown
Henrik  Bjørn,unknown
Henrik Loft,unknown
Henrik Glans,unknown
Henrik ,unknown
Herlof,unknown
Herluf,unknown
ivar,unknown
Elektriker,unknown
ARBEJDSMILJØEksperten,unknown
Halldor,unknown
Hans Göran,unknown
Gerard,unknown
Hans Henrik,unknown
Hilmar,unknown
Hildegunn,unknown
Hilda,unknown
Regnar,unknown
Hulde,unknown
Hilde Greve,unknown
barbro,unknown
Hinrich,unknown
Dianna,unknown
BIRGER,unknown
Hjalmar,unknown
GODTFRED ,unknown
Frederik Hjelvang ,unknown
Hans Havbro,unknown
Hother,unknown
Hugh,unknown
Hamdija,unknown
karl,unknown
gurli,unknown
Lilly,unknown
Theresa,unknown
Bjørn Høj,unknown
Sofi,unknown
Judit ,unknown
Patricie,unknown
Lotte Hougaard ,unknown
Hovard,unknown
HansPeter,unknown
Hans Peter,unknown
Hans-Petter,unknown
Petrine,unknown
OLE,unknown
Sidse,unknown
Michal ,unknown
Huong,unknown
Magne,unknown
Huw,unknown
patricia,unknown
Wictor,unknown
Irma,unknown
hedvig,unknown
Henrik-Werner,unknown
Haile,unknown
Hans Henrik ,unknown
Iben Caroline,unknown
Ingunn,unknown
Ian,unknown
Inger-Anne,unknown
Ibrahim,unknown
Ingeborg,unknown
Ing-Britt,unknown
Charni,unknown
Ida Schelhase,unknown
Ida Marie ,unknown
IDA,unknown
ida,unknown
Idun,unknown
Iga,unknown
Iggy,unknown
Igor,unknown
Igor ,unknown
ib,unknown
inger,unknown
Inge lise,unknown
Ilan,unknown
Ilanna,unknown
Ilannguaq,unknown
Inge Lise,unknown
Josip,unknown
Ilija,unknown
Inga-Lill,unknown
Inger-Lise,unknown
Ilona,unknown
INGEMAR,unknown
Inge Marie,unknown
Inger Margrete ,unknown
Ing-Marie,unknown
Ivar,unknown
Imran,unknown
INGER,unknown
Inez,unknown
Indigo,unknown
Prawita,unknown
Ine,unknown
John Test,unknown
BEVI,unknown
Björn-Erik,unknown
Bent Ole,unknown
AnneMarie,unknown
Natasja,unknown
Jonas ,unknown
Tor,unknown
Sven Olof,unknown
Torbjörn,unknown
Kári,unknown
Istvan,unknown
Deutsch-Norwegische,unknown
Herome,unknown
ken,unknown
Pauline,unknown
Laarni,unknown
Lars ,unknown
Maibritt Ravnborg,unknown
Bakkely,unknown
Mo,unknown
Owen,unknown
Patryk,unknown
Dr.,unknown
Arash,unknown
Piralux,unknown
Asas,unknown
Prodo,unknown
christin,unknown
Sara-Therese,unknown
Mette ,unknown
DIlsher,unknown
asj,unknown
Ulrich ,unknown
Solrød,unknown
Ann-Kathrin,unknown
Tbox,unknown
Gert-inge,unknown
Lilith,unknown
Normans,unknown
Tylstrup,unknown
Illona,unknown
Vinådalens,unknown
Mikala,unknown
Ing-mari,unknown
Linde,unknown
Ingalill,unknown
Inga-Siv,unknown
inga,unknown
Inge Bak,unknown
Ingebjørg ,unknown
ingegerd,unknown
ingela,unknown
Ingelis,unknown
Inger-lise,unknown
Inger-Marie,unknown
Inger Johanne,unknown
Inger Benedicte,unknown
Ingerid,unknown
Inger-Lill,unknown
Ingerlise,unknown
maria,unknown
Ingetora,unknown
Inge ,unknown
Ingfrid,unknown
Ingjerd,unknown
Ingvill,unknown
ingo,unknown
Ingo,unknown
Ingo amplatz,unknown
Ingolf,unknown
Ingrid-Karin,unknown
Ingrid ,unknown
ingrid,unknown
Jarl,unknown
Ingei,unknown
lars,unknown
Ingunn ,unknown
Ingvald,unknown
Ingvar,unknown
Ingvild,unknown
Dagtilbud Torsted ,unknown
Inja Beckmann,unknown
Lidingö,unknown
Inna,unknown
Alessandra ,unknown
Ioanna,unknown
ingelise,unknown
Ivalu Duelund ,unknown
Ira,unknown
Iren,unknown
Irena,unknown
Irja,unknown
Irse,unknown
Irune,unknown
Isa,unknown
Johanna ,unknown
isabella,unknown
Isabelle,unknown
isa,unknown
isabel,unknown
Iii,unknown
levent,unknown
iva,unknown
Ive-Reet,unknown
Inger-Vibeke,unknown
Ivo,unknown
Izabella,unknown
Jan Arne,unknown
Jarand,unknown
jon,unknown
Juliane,unknown
jens,unknown
jOHNNY,unknown
Joar Hylleseth,unknown
Jørn Thinggaard,unknown
jane,unknown
jørn,unknown
Jorunn Aarsland,unknown
Jacklin,unknown
Tone,unknown
Jadranka,unknown
Zeynab ,unknown
Jannicke,unknown
Jaime,unknown
Jairo,unknown
JaKenna,unknown
Jakob ,unknown
Jørgen Henry,unknown
Geoffrey,unknown
Jan-Inge,unknown
Jan Olov,unknown
Jan-Ove,unknown
jan,unknown
Jan Petter,unknown
Jan Håkon ,unknown
Jan Dahl,unknown
Janåke,unknown
Jan Asserbo,unknown
Ja ,unknown
Jane Lisbeth,unknown
Janeke,unknown
Janek,unknown
Janeric,unknown
Jan Erlend,unknown
Jan fuglsang,unknown
Janice,unknown
Janicke,unknown
Janie,unknown
Jani,unknown
Janike,unknown
Janina,unknown
Janique,unknown
Janis,unknown
J.Vikmanis,unknown
Jan juul,unknown
Jan Ketil ,unknown
Jan Møller,unknown
Jan Tarby,unknown
Janna,unknown
janne,unknown
Janne Camilla,unknown
Jannica,unknown
Jannice,unknown
Jannik,unknown
Drive,unknown
Jannike,unknown
jannike,unknown
Jan Riise,unknown
Jan Andreas,unknown
Janus Rønholt ,unknown
Janus Krue,Male
Janus,Male
Gøran,Male
Jari,Male
jarle,Male
Jarle,Male
Jarno,Male
Jaro,Male
Jaron,Male
Jaroslava,Female
Anne S,Female
Jasmin,Female
Jason,Male
Sørgen,Male
Jan Michael Darling,Male
Jazzmin,Female
joakim,Male
Jose,Male
JB-Cycles,unknown
jannie,Female
Jens-Bjørn,Male
Johnny Bahr,Male
Johnnie,Male
John Andrew,Male
Jacek,Male
Amundsen,unknown
ZeBU,unknown
Jens Christian,Male
jeanett,Female
Jelena,Female
jeanet,Female
Ahlsell,unknown
Gelia,Female
Vincent,Male
jeanette,Female
Jeaninne,Female
jeanne dorte,Female
Jeannethe,Female
Jeanni,Female
Jeannie,Female
Jeffrey,Male
jelena,Female
Jenifer,Female
Jen,Female
Jenna,Female
Jennifer,Female
Jenni,Female
Jennica,Female
Sånga-Säby,unknown
JMJ,unknown
Jens Arne,Male
Jens Sigurd,Male
Elektrikeren,unknown
JA,unknown
v.,unknown
JensDüring,Male
tomas,Male
Jens-Jørgen,Male
Jens,Male
Jens Petter,Male
Jens Wigand,Male
Jeppe Juhl,unknown
jeppe,unknown
Jeppe Sand,unknown
Jeppe Groth,unknown
Jeppe Nicolai,unknown
jes,unknown
birthe,unknown
jess,unknown
Jess,unknown
Härjedalens,unknown
Jessie,unknown
Jessika,unknown
JESSICA,unknown
Jerome,unknown
Joanne,unknown
JETTE,unknown
Jette Højris ,unknown
Kurth,unknown
Mohammad,unknown
jørgen,unknown
Gottfried,unknown
Jutta,unknown
Jan-Helge,unknown
Jhon-Peter,unknown
Janne Hjelde,unknown
JÖRGEN,unknown
Jarl-Inge,unknown
Jill,unknown
Jimi,unknown
jimmi,unknown
jörgen,unknown
johnni,unknown
Jan-Jaap,unknown
JOAN,unknown
BIG,unknown
Turid  Merete,unknown
Jos,unknown
Jeppe Lund,unknown
Rabot,unknown
Jussi,unknown
Allindelille,unknown
Jannie Rasmussen,unknown
ronald,unknown
Joana,unknown
joachim,unknown
Joacim,unknown
carina,unknown
Pergolase,unknown
Mayer,unknown
joan,unknown
Jo-Anne ,unknown
Jochen,unknown
ms,unknown
Nathalie,unknown
Susanna,unknown
johan,unknown
Att,unknown
Att:,unknown
Johann,unknown
K.,unknown
Halsnøy,unknown
Thomas Johannes Erik,unknown
johannes,unknown
Mikaela,unknown
Johar,unknown
John Tore,unknown
Johnna,unknown
Nicholine,unknown
John Brøndum,unknown
Andrrs,unknown
Johs,unknown
Domosferon,unknown
FunCenter,unknown
Jan Erik,unknown
Jouni,unknown
john arve,unknown
Jon Anders ,unknown
Ludwig,unknown
jonas,unknown
Jonthan,unknown
Jonnie,unknown
Jonnyaronsson,unknown
Johnyaronsson,unknown
Fan,unknown
Johny,unknown
Johnyarons,unknown
Johnyaronsson7,unknown
Johnyaronsson8,unknown
Jonhnyaronsson,unknown
Jonhy,unknown
Jonhyaronnsson,unknown
Jonhyaronsson,unknown
Jonnyaronson,unknown
Jonnyaronssonl,unknown
Lassearonsso,unknown
Johnyaronss8om,unknown
Johnyaronssom,unknown
jonny,unknown
Louise ,unknown
Jörgen ,unknown
Niels-Jørgen,unknown
Jorm,unknown
Jorun,unknown
Jorunn,unknown
Josefin ,unknown
Josefina,unknown
Trädgårdsplanket,unknown
Joshua,unknown
JOSTEIN,unknown
jimmy,unknown
Moustafa,unknown
Jouko,unknown
Jouline,unknown
Jovan,unknown
Jonah,unknown
JP,unknown
Jørgen P.,unknown
Jogvan,unknown
KJ,unknown
Kaptajn,unknown
Johanne Sofie,unknown
Julie Simone,unknown
Århus,unknown
judy,unknown
Culture,unknown
julia,unknown
Julianna,unknown
Julie ,unknown
Julie Hoppe,unknown
Julie Anita,unknown
"Anker Chokolade, "
juliet,unknown
Juliet,unknown
Julija,unknown
Julijana,unknown
Julius ,unknown
june,unknown
Marika,unknown
Junis,unknown
JUNYA,unknown
Justina ,unknown
Vickie,unknown
Phillip,unknown
jytte,unknown
Jasmina,unknown
KJELL,unknown
KariK,unknown
Kjetil,unknown
Karim,unknown
Kristofher,unknown
Kevin,unknown
Krzysztof,unknown
Kim ,unknown
kaa,unknown
Birgitha,unknown
Kasia,unknown
sallius,unknown
Kahri,unknown
Kai Halvor,unknown
Kai-Uwe,unknown
Kai ,unknown
kaj,unknown
Zizzi,unknown
Mariann,unknown
Holmqvist,unknown
Karl M.,unknown
Karl-Johan,unknown
Carl-Olof,unknown
Kamil,unknown
Kamila,unknown
Kamilla ,unknown
kamilla,unknown
Kamille,unknown
Kamran,unknown
Kanhokthorn,unknown
Kanita,unknown
Sjövärnskårernas,unknown
I,unknown
Kara,unknown
KAREN,unknown
Katen,unknown
peiyi,unknown
Karianne,unknown
kari,unknown
Karin ,unknown
Karina ,unknown
Karina Kirkeby,unknown
karina,unknown
Karine,unknown
Karis,unknown
Karl-Ove,unknown
Karl J.,unknown
Karl-Eric,unknown
Karl-Gustav,unknown
Karl Normann,unknown
Karna,unknown
karolina,unknown
ISS,unknown
KJELD,unknown
Knut Anders,unknown
Qasem,unknown
Kaspar,unknown
Kasper Lykke,unknown
Maggie,unknown
Kathrine Dea,unknown
Katalin,unknown
Katarina ,unknown
Kathryn,unknown
Käte,unknown
kate,unknown
KATARINA,unknown
Katharina Kaasgaard,unknown
Kathe,unknown
Kathleen,unknown
Katilla,unknown
Katinka,unknown
Future Mobility,unknown
Suhila,unknown
Katri,unknown
Katrine ,unknown
Katrine Svane ,unknown
Kathrine ,unknown
Tulle,unknown
Kavot,unknown
Kay,unknown
Kore,unknown
Karabi,unknown
Tomas ,unknown
kirsten,unknown
Keike,unknown
Kell,unknown
Fredericke,unknown
Vekliuk,unknown
Kemalettin,unknown
DTL,unknown
KENNETH,unknown
Kenneth Gorola,unknown
kenneth ,unknown
Kent ,unknown
Kersti,unknown
Kerstine,unknown
Knut-Erik,unknown
Ketil,unknown
Kettil,unknown
Key,unknown
kim,unknown
Karl Fredrik,unknown
kheir,unknown
Kheyrto,unknown
Khim,unknown
KH,unknown
Kia,unknown
Kian,unknown
Marthe ,unknown
kristin,unknown
Kidi,unknown
Kigge,unknown
lis,unknown
Kikki ,unknown
Kirsten ,unknown
Kim Rami,unknown
Møllgaard,unknown
Kimet,unknown
Kimi,unknown
Kimm,unknown
Kimmie,unknown
Ann-Carin,unknown
Kine,unknown
Robert ,unknown
sven,unknown
Kira,unknown
Kirill,unknown
Frederiksberg,unknown
Kirsa,unknown
Svante,unknown
Tekoshin,unknown
Kirsti ,unknown
Kirstine ,unknown
Ninna,unknown
Kirtza,unknown
Kiti,unknown
VTB,unknown
kitt,unknown
kitte,unknown
Kitte,unknown
poul,unknown
KJETIL,unknown
Klavs,unknown
Kjartan,unknown
kjeld,unknown
Kjersti,unknown
Kjell-Åke,unknown
Kjell ,unknown
kjell,unknown
Kjell Magne,unknown
Kjell Roar,unknown
Kjell-Viggo,unknown
Kjell-Erik,unknown
Kjell Asbjørn ,unknown
Kjerstin,unknown
Aud Karin ,unknown
kasper,unknown
klas,unknown
Klaudia,unknown
Klaus ,unknown
klaus,unknown
Klaus Michael ,unknown
Kaali,unknown
Firma,unknown
liselotte,unknown
MARIE,unknown
Karl-Göran,unknown
Marius,unknown
Kjell-Magne,unknown
KarenMargrethe,unknown
Ket,unknown
Alix,unknown
Unn,unknown
UnnCarlsson,unknown
Kasandra,unknown
KENN,unknown
Karstein,unknown
knut,unknown
knud,unknown
KNUD,unknown
Böttcher,unknown
KNUT,unknown
Abdiwahab Said ,unknown
Karl Ole,unknown
Kerston,unknown
Sindre,unknown
Sjønne,unknown
Konni,unknown
Konstantin,unknown
Konstantinos,unknown
Lene Annette,unknown
Ferienhaus,unknown
Laszlo,unknown
Cherztin,unknown
steen,unknown
Per Egil,unknown
Krista,unknown
Vibe,unknown
Svinkløv,unknown
Hemfrid,unknown
Syrsa,unknown
Olga,unknown
Irini,unknown
Kraka,unknown
Camilla ,unknown
Karen-Louisa,unknown
Karen-Louise,unknown
Kriller,unknown
Natascha,unknown
Krisander,unknown
kristian,unknown
Kristel Herholdt,unknown
Kristen,unknown
Kristian ,unknown
my,unknown
Kristina ,unknown
Skive,unknown
Liljan,unknown
søren ,unknown
Malte,unknown
Malthe,unknown
Krunoslav,unknown
Krystian,unknown
Justyna,unknown
Clary,unknown
Kuno,unknown
betty,unknown
Kurt Ove,unknown
Karina Wedell,unknown
K,unknown
Kåre ,unknown
Malcolm,unknown
Kana,unknown
Mette BB,unknown
Zsofia,unknown
Lars-Gunnar,unknown
Luitpold,unknown
Jacob ,unknown
Liisi,unknown
Linette,unknown
Lars Buskø,unknown
Ældre,unknown
Laasi,unknown
Tormod,unknown
lasse,unknown
SONJASTENE,unknown
Lægerne,unknown
Lærke ,unknown
Lotti,unknown
Laila Brik ,unknown
Laila ,unknown
Lajla,unknown
Lanna,unknown
Andrée,unknown
Kim-Jonny,unknown
Nicholai,unknown
Lanita,unknown
Larisa,unknown
Larissa,unknown
Lars Erik Torbjörn,unknown
Lars-Gunvald,unknown
MAJ,unknown
Frödin,unknown
LARS,unknown
Arberger,unknown
Lars Erik,unknown
Jörn,unknown
Lars-Henning,unknown
larsj,unknown
Lars Odd,unknown
Natalie,unknown
Børnebiblioteket,unknown
Lasse Aaby,unknown
lau,unknown
laura,unknown
Al,unknown
Malin ,unknown
Laurids,unknown
Laus,unknown
Lause,unknown
Laust,unknown
Mig,unknown
MaiBritt,unknown
MB,unknown
September,unknown
Mio,unknown
Thammasan,unknown
Layla,unknown
Lars-Bo,unknown
Lars-Christian,unknown
Leiv,unknown
Le,unknown
Lorang,unknown
Lonnie,unknown
LEANOR,unknown
Leah,unknown
Fritidskassan,unknown
Keika,unknown
Leena,unknown
Legolas,unknown
HAndreas,unknown
Gustavianum,unknown
Leif ,unknown
Leila,unknown
Advokat Lene,unknown
lennart,unknown
Lémise,unknown
Lennaet,unknown
Lenka,unknown
lena,unknown
Lena ,unknown
Lena Vågsholm,unknown
Lens,unknown
Lenabreimo,unknown
Lene ,unknown
Lene Sønderby,unknown
Lene Lyck,unknown
otto,unknown
Lennie,unknown
lennartbjörk,unknown
Lenny ,unknown
Léo,unknown
Leonora,unknown
Leif Eirik,unknown
Lillemor,unknown
Leonard,unknown
Leonardo,unknown
leon,unknown
Berthel,unknown
Leslie,unknown
Levon,unknown
Lewan,unknown
Leyla,unknown
Lars-Goran,unknown
Marie Kruse skole,unknown
Li,unknown
Liam,unknown
Lian,unknown
LIANA,unknown
Liana,unknown
ulla,unknown
Charles ,unknown
Lidja,unknown
Lieve,unknown
Life,unknown
Lili,unknown
Lilian,unknown
Lilith Louise Lysgaard,unknown
Lilja,unknown
Anne Lill,unknown
Lilli-Ann,unknown
Lillian ,unknown
Lill,unknown
Nicky,unknown
lina,unknown
Lins,unknown
Tatjana,unknown
Mirlinde,unknown
linda,unknown
"Tor,"
Liss,unknown
svend,unknown
Kurt Even,unknown
line,unknown
Fredrik Linge,unknown
Linn Kimberlie,unknown
Linnea Søgaard,unknown
Linni,unknown
linn,unknown
Lis Oline ,unknown
Lis ,unknown
Inge-Lise Alsing,unknown
ELSA,unknown
Jouck,unknown
Vendsyssel Teater,unknown
Lisa Maria,unknown
Inga-Lisa,unknown
Lisbeth Kjærgaard,unknown
Lisbeth sten ,unknown
Lisbeth Lütken,unknown
lisbeth,unknown
lisbet,unknown
benny,unknown
lise,unknown
LISE,unknown
Lise ,unknown
Liselott,unknown
Lise-lotte,unknown
Lisen,unknown
Lissbeth,unknown
Lissi,unknown
Lissie,unknown
Liisa,unknown
Lissy,unknown
Litta soheila,unknown
Litten,unknown
Liva,unknown
Live,unknown
Livio,unknown
liv,unknown
Liw,unknown
Liz,unknown
Lizanne,unknown
Lizett,unknown
Lizzie,unknown
Lias,unknown
Lars Jakob,unknown
DAN,unknown
Lene-Kristin,unknown
LENE,unknown
Lisbeth sten,unknown
Lloyd,unknown
Linfa,unknown
DAB,unknown
Lars-Ola,unknown
Lo,unknown
Luis,unknown
Louise Porup ,unknown
loa,unknown
Mario,unknown
Lodve,unknown
Torbjørg,unknown
Selma,unknown
Irmeli,unknown
Benny ,unknown
tommi,unknown
Lona,unknown
lone,unknown
Loni,unknown
Katja Inger,unknown
Max,unknown
Lorents,unknown
Lorenzo,unknown
Lotte Raun,unknown
AnnCharlotte,unknown
charlotta,unknown
Anne-Charlott,unknown
L.,unknown
Anne-Charlotte ,unknown
AS3,unknown
lotten,unknown
Lotten,unknown
Lottie,unknown
louisa,unknown
Louisa,unknown
Louise Anine,unknown
louise,unknown
LOUISE,unknown
Peter ,unknown
Lova,unknown
Love,unknown
Loyd,unknown
Lars Peter ,unknown
Lesley,unknown
Lærke-Sofie,unknown
torbjörn,unknown
LOuise,unknown
Letta,unknown
Torill,unknown
lubica,unknown
Lucas,unknown
Lucia,unknown
MARIA,unknown
Lucie,unknown
Liudmila,unknown
Ludvik,unknown
Ludvik Ingvald,unknown
Ludwine,unknown
Luisa,unknown
Luka,unknown
Lukas Worm,unknown
Luke,unknown
lukas,unknown
Lula,unknown
Luna,unknown
Id31200975,unknown
Jolanta,unknown
Viktor,unknown
Martin Lundsgaard,unknown
Analou,unknown
YVONN,unknown
Lutz,unknown
L.V.,unknown
lykke,unknown
Lynnette,unknown
marit,unknown
Mikis ,unknown
Mlkael,unknown
Marian,unknown
Markzs,unknown
Manne,unknown
mia,unknown
Michell,unknown
Miroslaw,unknown
magnus,unknown
maarit,unknown
Maarit ,unknown
Margrethe Absalonsen Haga,unknown
Maciej,unknown
Chister,unknown
Madeleine,unknown
Madelaine,unknown
Madeline,unknown
Madicken,unknown
Madleine ,unknown
Margareta ,unknown
likør,unknown
Greenbow,unknown
Jakob fjord,unknown
Margir,unknown
Esben Møller,unknown
Vibeke ,unknown
Mads Hviid ,unknown
Märta,unknown
Magda,unknown
Magdalena ,unknown
Magnar,unknown
Magnhild,unknown
Magnus ,unknown
Magnus Egidius,unknown
Øyunn ,unknown
Therése,unknown
Maha,unknown
Mahsa ,unknown
Mahsa,unknown
Mahyar,unknown
Banking,unknown
Mai-B,unknown
Mai-britt,unknown
Mai-Britt Test,unknown
Mai-Britt Tester,unknown
Mai-Britte,unknown
Mai-Test,unknown
Maibrit,unknown
MaiTEst,unknown
MAITEST,unknown
Maitest,unknown
MaiTestigen,unknown
Maitysk,unknown
MBB,unknown
Silvia,unknown
Silvia TEST,unknown
Test,unknown
maibritt,unknown
mdfgh,unknown
Aisha,unknown
Elon,unknown
Forst,unknown
Nathaline,unknown
Klint,unknown
Molise,unknown
Fadime,unknown
MaiTest,unknown
Mai-NO,unknown
MaiSE,unknown
NIELS,unknown
Steiner,unknown
Tanja Juul,unknown
Tove Richard ,unknown
Gäst,unknown
Terese,unknown
Maj,unknown
maja,unknown
Maja Louise,unknown
Maja Grathwohl,unknown
Maja-Lena,unknown
MAJA,unknown
Mája,unknown
majbritt,unknown
Silje,unknown
Malathy,unknown
Malena,unknown
Malene Hegenberger,unknown
malermester,unknown
Wendy,unknown
malin,unknown
Malise,unknown
Moa,unknown
Malou,unknown
Malunna,unknown
børnehaven,unknown
Natalja,unknown
Manale,unknown
Nigel,unknown
mandy,unknown
manfred,unknown
Manijeh,unknown
Manja,unknown
Manuela,unknown
Manya,unknown
Matts,unknown
Peggy,unknown
Macarena,unknown
Mari,unknown
Helene ,unknown
Marcell,unknown
Marchel,unknown
Brander,unknown
Maren,unknown
Marin,unknown
Margaret ,unknown
Margita,unknown
Margot,unknown
Margrete,unknown
Margrethe ,unknown
Margret,unknown
marianne ,unknown
maax1001,unknown
Maria ,unknown
Lerums,unknown
Annamarie,unknown
mari,unknown
Mariana,unknown
Mariangeles,unknown
Mariane,unknown
MARIANN,unknown
Marianna,unknown
Marianne ,unknown
MArianne,unknown
mariann,unknown
marie,unknown
Marie ,unknown
Marie-louise,unknown
Marieanne,unknown
Marie Dam ,unknown
Marieke,unknown
Marie Sofie,unknown
Marijanne,unknown
Marike,unknown
Marilena,unknown
Marilyn,unknown
marina,unknown
Västsvenska,unknown
Hc,unknown
Marinela,unknown
Marion ,unknown
Marius ,unknown
Marja,unknown
Marjan,unknown
Marja-Leena,unknown
Marju,unknown
MARK,unknown
Marketta,unknown
Markku,unknown
Marko,unknown
Minja,unknown
markus,unknown
Markus ,unknown
Marléne,unknown
Marna,unknown
Rose-Marie,unknown
Soumaya,unknown
Ioan,unknown
Marjut,unknown
Märtha,unknown
Marthe,unknown
Marthine,unknown
Martina Borges,unknown
Martine,unknown
Turid,unknown
Maryanne,unknown
Mary-tina,unknown
Marzena,unknown
Nils-Harry,unknown
Masume,unknown
Mathea,unknown
Mathias ,unknown
Mathias Riis,unknown
Mathilda,unknown
Maths7,unknown
matilda,unknown
May-Tove,unknown
Mathew,unknown
Mats-ake,unknown
Mats-Ola,unknown
MATS,unknown
Mats ,unknown
Mats-Ove,unknown
Mats Caspar,unknown
Matz,unknown
Maudi,unknown
Maximilian,unknown
Maxine,unknown
May,unknown
Maya ,unknown
Macarena ,unknown
Mayn,unknown
Maynard,unknown
Maziar,unknown
Ideskilte,unknown
CITYHUSET,unknown
Mariette,unknown
Tomasz,unknown
Saliha,unknown
Megan,unknown
Lene Warberg,unknown
Meho,unknown
Michella,unknown
Meinhild,unknown
Ronia,unknown
Melina,unknown
Melinda,unknown
Prangtip,unknown
Melissa,unknown
Melker,unknown
Menaws,unknown
magaly,unknown
Mercy,unknown
merete,unknown
Merete Pind,unknown
Merete ,unknown
merethe,unknown
merita,unknown
Merve,unknown
Globaltools,unknown
DI,unknown
Mette Malling,unknown
DDA,unknown
Mette Hjerrild,unknown
Mette Andersen,unknown
Mette Riis,unknown
Malue,unknown
michael,unknown
Mads Hviid,unknown
Martin ,unknown
Skibet,unknown
Oralora,unknown
Ing-marie,unknown
Mia Gøtze,unknown
Mia ,unknown
Heatup,unknown
Micaela,unknown
Mica,unknown
MIchael,unknown
Michael Berg,unknown
Michal,unknown
Michele,unknown
Micheline,unknown
mickael,unknown
Mickael,unknown
Mickaela,unknown
Mick,unknown
Midan,unknown
Mahmoud,unknown
mie,unknown
MieFynbo,unknown
Mie ,unknown
Mihai,unknown
Mikael ,unknown
Uppsala,unknown
MIKAEL,unknown
Mälarparkens,unknown
Mike Francis,unknown
Miki,unknown
mikkel,unknown
Saint,unknown
Mikkel stener,unknown
Mikko,unknown
Michael Munck,unknown
Milda,unknown
Milie ,unknown
Milijana,unknown
Mille ,unknown
Mille Renee,unknown
miriam,unknown
Mimmie,unknown
mina,unknown
Arina,unknown
ELISABETH,unknown
Milly,unknown
Mira,unknown
Miran,unknown
Mireille,unknown
Mirella,unknown
Fastighetsdesign,unknown
Mirja,unknown
Mirjam,unknown
Mirjana,unknown
Mirko,unknown
MIKHAIL,unknown
Mishell,unknown
rikke,unknown
Tajo,unknown
Mitte,unknown
Mitzi,unknown
Michael Zacho,unknown
Madelen,unknown
MARTIN,unknown
Kostiantyn,unknown
May-Liss,unknown
Mary-Ann,unknown
ML,unknown
Adina,unknown
Michaela ,unknown
Marius Nygaard,unknown
Maria Nedergaard,unknown
Otto Antoni,unknown
Pirjo,unknown
Monica Sandøy,unknown
Ane Marie ,unknown
mogens,unknown
mohammed,unknown
Moira,unknown
Molly,unknown
Molte,unknown
mona,unknown
Mona-Lill,unknown
Dap Arkitekter AB,unknown
Mona ,unknown
monica,unknown
MonicaFaijermo,unknown
Monics,unknown
monique,unknown
Sven-Arne,unknown
EIVOR,unknown
Apply,unknown
Morten ,unknown
Moretn,unknown
Morten bak,unknown
Trude,unknown
Toftgaard,unknown
Teresa,unknown
Niclas ,unknown
Mounee,unknown
Roine,unknown
Malgorzata,unknown
jonathan,unknown
Vasile Sebastian,unknown
Marijke,unknown
Maxim,unknown
Marten,unknown
Mahmut,unknown
Jeannette Dan,unknown
Malik Energy,unknown
Matthijs,unknown
Maritha,unknown
Morten Strande,unknown
Nygaard,unknown
Michael Toft,unknown
Lejla,unknown
Lyuba,unknown
Ricco,unknown
Gerion,unknown
Rikke Dalskov ,unknown
Mylin,unknown
Myrna,unknown
Maartje,unknown
Miroslav,unknown
M,unknown
BRITTA,unknown
Nada,unknown
Nadica,unknown
Nadim,unknown
Nadine,unknown
Marianne sivertsen,unknown
Vordingborg,unknown
Najmeh,unknown
Ronald,unknown
nana,unknown
Nancy,unknown
nancy,unknown
Nanett,unknown
Blondell,unknown
Nanna ,unknown
Nanna Juul,unknown
nanna,unknown
Nashwan,unknown
Nasim,unknown
Natasa,unknown
Natalya,unknown
natasha,unknown
Nathalia,unknown
NATHALIE,unknown
Natja ,unknown
Nauja,unknown
Lisetta,unknown
Naija,unknown
Nazanin,unknown
Nazwa,unknown
Gertraud,unknown
Nathan,unknown
Nebojsa,unknown
Necati,unknown
Neela,unknown
Neil,unknown
niels,unknown
Nele,unknown
Nellie,unknown
Nelson,unknown
Neli,unknown
Ire'ne,unknown
Nergiz,unknown
Nersy,unknown
NilsEric,unknown
Kris,unknown
Nette,unknown
J,unknown
Nicolaj,unknown
Nils Egil,unknown
Niels-Henrik,unknown
Nino,unknown
Nicke,unknown
nick,unknown
Nickolaj,unknown
Nickolina,unknown
Nicola,unknown
anne-lourdes,unknown
nicolaj,unknown
Nicolette,unknown
Nicolina,unknown
KARIN,unknown
Nicolai ,unknown
Nielda,unknown
Niels Henrik,unknown
Tina Merethe ,unknown
JONAS,unknown
Petiteknit,unknown
Piotr,unknown
Nikita,unknown
PAUL,unknown
Nikolay,unknown
Nikolett,unknown
nicolina,unknown
Nikoline,unknown
Nils Are,unknown
Nils-Bo,unknown
Nils-Petter,unknown
nils,unknown
Nils-Eivind ,unknown
Nilufer,unknown
Nimet,unknown
Catherina,unknown
Melberg Bø,unknown
Nina-lill,unknown
nina,unknown
Nini,unknown
Suad,unknown
Nisha,unknown
Nis-Peter,unknown
margit,unknown
Njord,unknown
Pascal,unknown
Linse-Xpres,unknown
Bugge,unknown
Nona-Maria,unknown
Noor,unknown
Pablo,unknown
nora,unknown
Violetta,unknown
Shane,unknown
behzad,unknown
jennifer,unknown
Nordenskiöld,unknown
stine,unknown
Demo,unknown
Tania,unknown
Isac,unknown
Novid,unknown
Per Magnar,unknown
Nasha,unknown
Tommy Quoc,unknown
Jannek,unknown
oddmund,unknown
Olof,unknown
Nicki,unknown
Odd Arne,unknown
Ørjan,unknown
Oddmund,unknown
Oda,unknown
odd,unknown
Odd Ragnar,unknown
Oddbjørn,unknown
Oddgard,unknown
Oddgeir,unknown
Oddrun,unknown
Oddvar,unknown
Odette,unknown
Øystein,unknown
Oystein,unknown
Odd-Eirik,unknown
Knut Oliver,unknown
oliver,unknown
Olivia,unknown
Oke,unknown
Lauge,unknown
Anne Brinck,unknown
Hammarström,unknown
Olaf,unknown
Olaug,unknown
olav,unknown
olavi,unknown
Olavur,unknown
Ole Andre,unknown
Ole Bjørn,unknown
Ole Lykke,unknown
Olesya,unknown
Olga ,unknown
Olaus,unknown
signe,unknown
Olivera,unknown
Oline,unknown
Oliwia,unknown
olle,unknown
Olle ,unknown
Nils-Olof,unknown
Olow,unknown
Anne-Charlotte,unknown
palle,unknown
Zola,unknown
Øystein R.,unknown
Brynjulf,unknown
örjan,unknown
Orla,unknown
Orvar,unknown
Osvald,unknown
ost,unknown
Ottar,unknown
Otti,unknown
Otto Højlund,unknown
OVE,unknown
Oxana,unknown
Bengt-Ove Hubert,unknown
Ovidijus,unknown
Owe,unknown
Ole W,unknown
Villy,unknown
Semra,unknown
Kismet,unknown
Thorkil,unknown
paw,unknown
Patrycja,unknown
paul,unknown
Nee,unknown
Penille,unknown
Paal,unknown
Per ,unknown
Per-Anders,unknown
PIA,unknown
Pål Robert ,unknown
Janne ,unknown
Paddy,unknown
peder,unknown
Anne Grethe,unknown
Päivi,unknown
Armand,unknown
Palle Bang,unknown
Brit Caroline,unknown
Tammy,unknown
Pamela,unknown
orjan,unknown
Chao,unknown
Paninnguaq,unknown
Dailos,unknown
Ushma,unknown
Berglund,unknown
Behzad,unknown
Pär ,unknown
Per-Arne,unknown
Pascale,unknown
Pavel,unknown
Patience,unknown
ivica,unknown
Tryg,unknown
Patrik ,unknown
Paula,unknown
pauline,unknown
Hyunjung,unknown
Paul-Ove,unknown
Pavan,unknown
Gunnstein,unknown
Pavlos,unknown
povl,unknown
Per Christian,unknown
per,unknown
Percy,unknown
Pecka,unknown
Emile,unknown
Per-Tore,unknown
Pedro,unknown
Peter Grubb,unknown
PER KRISTIAN ,unknown
Pehrnilla,unknown
Pejman,unknown
peterkjærsgaard,unknown
Pekka,unknown
Per-Ola,unknown
PelleMårtenson,unknown
Peo,unknown
Per-Olof,unknown
Per-Erik,unknown
Peppe,unknown
Per-,unknown
Per-anders,unknown
Per-Inge,unknown
Per-Ove,unknown
Per Dagfinn,unknown
PER,unknown
Gabor,unknown
Jobman,unknown
Pernille Blomquist,unknown
pernille,unknown
Pernille Ottesen ,unknown
Per Otto,unknown
Per Skovborg ,unknown
Pee,unknown
Lola,unknown
Petri,unknown
Pether,unknown
Petja,unknown
Petra Cato,unknown
Jaxdon,unknown
petra,unknown
PETTER,unknown
Petter.C.,unknown
Petter Aaberg,unknown
IDdesign,unknown
Philippa,unknown
Peer Heitmann ,unknown
Anne Pia Holm ,unknown
Pia-Victoria,unknown
Pia Warming,unknown
Pichaya,unknown
PIerre,unknown
Pierre,unknown
Gymnos,unknown
Pieter,unknown
Kristopher,unknown
Kerstin ,unknown
Kamma,unknown
Pirasath,unknown
Palle ,unknown
Jøegen,unknown
Per Kristian ,unknown
Ældre og Omsorg - Århus Kommune,unknown
Laci,unknown
Lidi,unknown
Per-Martin,unknown
momondo,unknown
PETER,unknown
Perolof,unknown
P-O,unknown
Torstein,unknown
Palina,unknown
POLLY,unknown
Collinder,unknown
Poria,unknown
Ballebro,unknown
Halil,unknown
Odmund,unknown
Yngvill,unknown
roar,unknown
Skagen,unknown
Steve Runar,unknown
Stian,unknown
Monica ,unknown
Drude,unknown
Michail,unknown
Poul ,unknown
Poula,unknown
Annegrethe,unknown
PoulERik,unknown
pouli,unknown
Povl,unknown
Pia ,unknown
Przemyslaw,unknown
Lizet,unknown
Nørskov,unknown
r,unknown
Philipp,unknown
Pi,unknown
Perniille,unknown
Tinamarija,unknown
Luping,unknown
Sari,unknown
Sissel ,unknown
PW,unknown
Phillipp,unknown
Alberto,unknown
Ruslan,unknown
Rodrigo,unknown
Andrei,unknown
Ralf,unknown
Ragnheidur,unknown
Ragna,unknown
Ragnhild,unknown
Ragnvald,unknown
Hanne Rahbek,unknown
Raija,unknown
Raimon,unknown
Rainer,unknown
Ralph,unknown
Ramazan,unknown
Ramsin,unknown
Ranveig.lundeby,unknown
Ranveig,unknown
rasmus,unknown
Café,unknown
Rasmus Ulvig,unknown
Rasmus ,unknown
Rasmus Ry,unknown
Rasmus Philip,unknown
Raymond ,unknown
Ria,unknown
Rico,unknown
Remi,unknown
Rolf-Chr.,unknown
Kristiansand,unknown
Reannan,unknown
Frederik ,unknown
Reidar,unknown
Reimer,unknown
Réka,unknown
Remy,unknown
Renate,unknown
Renate ,unknown
Renathe,unknown
rené,unknown
Renee,unknown
Renée,unknown
Rene’,unknown
Renilda,unknown
Vaida,unknown
Christoph Peter Gottfried,unknown
Derek,unknown
Reza,unknown
renate,unknown
Flisberg,unknown
Rhea,unknown
Riccardo,unknown
SUTCO,unknown
Richardt,unknown
Ricke,unknown
Ricky,unknown
rico,unknown
Slottet,unknown
Rigmor,unknown
Susse,unknown
Riitta,unknown
Rikard ,unknown
Rikke ,unknown
Rikke-Louise,unknown
Rilla,unknown
phoebe,unknown
Rima,unknown
oddvar,unknown
Marsal,unknown
Rita ,unknown
Ritha,unknown
Roi,unknown
Rose,unknown
Rikke Maria,unknown
Ronni,unknown
Rikke Susanne,unknown
Roald,unknown
Roar,unknown
Roar GMAIL,unknown
Robbin,unknown
Robby,unknown
MOCIAN,unknown
jorge,unknown
Roberto,unknown
robin,unknown
Roddy,unknown
roine,unknown
Individuella,unknown
Rolf ,unknown
Rolle,unknown
Romain,unknown
Roma,unknown
Romy,unknown
Ronald ,unknown
Norah,unknown
Rosemarie,unknown
Rosemarit,unknown
Roselyn,unknown
Rosemari,unknown
Rose-Maria,unknown
RoseMarie,unknown
Ann-marie,unknown
Lone ,unknown
Rosina,unknown
Rosmarie,unknown
pether,unknown
Chi,unknown
Atanase,unknown
Roy Didrik,unknown
Roy Tore,unknown
Jowita,unknown
Rino,unknown
Runo,unknown
Regnskabskontoret,unknown
Rete,unknown
Rambøll,unknown
Ruchit,unknown
Rudolf,unknown
Rumle,unknown
Runa,unknown
Runa Stolt,unknown
Runar,unknown
Rune Christian,unknown
KKU,unknown
Rune ,unknown
Runi,unknown
Runhild,unknown
ruarn,unknown
Dominik,unknown
Roman,unknown
Janderek,unknown
Ulrich,unknown
Saara,unknown
stian,unknown
Stense,unknown
Xander,unknown
HEIDI,unknown
Dipl.-Kfm. (univ.) Stefan J. Weigert MBA,unknown
Sigmund,unknown
SOEREN MALGAARD,unknown
Sönke,unknown
Sabahko,unknown
Svend-Aage,unknown
sarah,unknown
Rebecca ,unknown
Sabah,unknown
Eva ,unknown
sabine,unknown
Sabrina Vestergaard,unknown
Sadiye,unknown
Saga,unknown
Emel,unknown
Sahra,unknown
John ,unknown
Sajuran,unknown
Sasja,unknown
Salar,unknown
Charlotta ,unknown
Beatrix,unknown
Sali,unknown
Sam,unknown
Thorbjørn,unknown
sadegh,unknown
Jakov,unknown
Samer,unknown
samer,unknown
Sami,unknown
Lui,unknown
Sanah,unknown
Sana,unknown
Sanaz,unknown
Berit Løvendahl ,unknown
Sander,unknown
Sandie,unknown
Sandraejdre@hotmail.com,unknown
Sandra Smed,unknown
Sanela,unknown
Sangita,unknown
Sanja,unknown
Sanna-Lisa,unknown
sanne,unknown
Sanni,unknown
Sanny,unknown
jkOffice,unknown
Sara Aune,unknown
SARA,unknown
sari,unknown
Sariya,unknown
Sarka,unknown
Sarra,unknown
sasan,unknown
sascha,unknown
mickey,unknown
Satu,unknown
BOLIGmægleren,unknown
Sverre,unknown
Scarlet,unknown
Nanette,unknown
Birgitte ,unknown
Dieter,unknown
Regine,unknown
Knut Henning ,unknown
Maj Helen,unknown
Sevim,unknown
Sean ,unknown
Biller,unknown
Seebastian,unknown
sebastian,unknown
Sebastin,unknown
Sebastian Vestergaard,unknown
Karlsson,unknown
Sebrina,unknown
Sussanne,unknown
Helsingør,unknown
Karup,unknown
Svend-Erik,unknown
Selina ,unknown
Sesselja,unknown
Ståle,unknown
Salma,unknown
Vreni,unknown
Semi,unknown
Senem,unknown
Atakan,unknown
Hagemeister,unknown
Svein Erik,unknown
Severin,unknown
SYLVIA,unknown
Sohab,unknown
MikaelAxelsson,unknown
Shahbaz,unknown
Shannon,unknown
Sharam,unknown
Yulia,unknown
Søren Henning,unknown
Liban,unknown
Shirly,unknown
Shima,unknown
BP,unknown
Shyama,unknown
ivan,unknown
Sibel,unknown
Sibo,unknown
Sibora,unknown
Siff,unknown
Stig-olof,unknown
Lars-Eric,unknown
Johnny Tandstad,unknown
Signe ,unknown
Sigurd,unknown
sigurd,unknown
silje,unknown
Sille Emma,unknown
Sille,unknown
Silvana,unknown
Silvija,unknown
Simon Åjá,unknown
Simen,unknown
SImon,unknown
Simona,unknown
simon,unknown
Anna-Simone,unknown
Simran,unknown
Harun,unknown
Sinan,unknown
sine,unknown
Jonas test 2,unknown
Siren,unknown
Soren,unknown
Siri,unknown
Siri-Ann,unknown
sisell,unknown
Sissal,unknown
Siv anita,unknown
Siv G,unknown
Siw June,unknown
Sixten,unknown
Sarah Kjærgaard,unknown
Svend Jørn R,unknown
Älvsbryggan,unknown
Sjoerd,unknown
Ulla-Britt,unknown
Kjell-Gunnar,unknown
majbrit,unknown
Skalle,unknown
Inger Lise Skar,unknown
Synnøve,unknown
Shabana,unknown
Àke,unknown
Synnöwe ,unknown
GÖRAN,unknown
Ewiz,unknown
Skovlund,unknown
Sesilie,unknown
Caisa,unknown
Sten-Åke,unknown
Gita,unknown
Svenning,unknown
Ulls,unknown
Slavica,unknown
Slavomir,unknown
Torben ,unknown
Slobodan,unknown
Sima,unknown
Sasiwimol,unknown
Farhad,unknown
svenn-Arne,unknown
hans ole ,unknown
Shapol,unknown
Snorre,unknown
Sølvi,unknown
Sølvig,unknown
Sørita,unknown
sofi,unknown
sofia,unknown
Sofie-amalie,unknown
Sofie ,unknown
Sofus,unknown
Soile,unknown
Soodabeh,unknown
Jan Kristoffer,unknown
Solbritt,unknown
Sol,unknown
Solena,unknown
Solfrid ,unknown
Kaj Kromann,unknown
Cherry,unknown
Mette Solskov ,unknown
Solveig ,unknown
Solvej,unknown
Viktoriya,unknown
Sonia,unknown
Sonny Boy,unknown
Sophie Egesø ,unknown
Soeren,unknown
SØREN,unknown
Søren Rud,unknown
Sasha,unknown
nicholas,unknown
Antonie,unknown
Hans-Jörg,unknown
Seasat A/S,unknown
Shien,unknown
Steen Spang,unknown
Inger Marie,unknown
Sussie ,unknown
Sylveig,unknown
Svenn-Tore,unknown
Ståle ,unknown
Stan,unknown
Ejgil,unknown
Marie-Louise ,unknown
Hans-olaf,unknown
Ferbie,unknown
Steen ,unknown
Steen Lauge,unknown
stefan,unknown
Stefan.holmgren@stensvreta.se,unknown
Forserum,unknown
Stefania,unknown
Stefanie,unknown
LAVESTAM,unknown
Stefan Sejer,unknown
Steffan,unknown
Steffi,unknown
Maryann,unknown
sissel,unknown
Bärbel ,unknown
Stein-Ove,unknown
stein,unknown
Stellan,unknown
Sten ,unknown
Stener,unknown
Sten-Ove,unknown
STEPHANIE,unknown
stephen,unknown
Steve,unknown
Stephen  ,unknown
Steven N.,unknown
stigmar,unknown
Stine Veie,unknown
stinna,unknown
stinne,unknown
Eluzabeth,unknown
Dagmar,unknown
Thomas ,unknown
Regin,unknown
Sture,unknown
Suzane,unknown
Sudhir Christian,unknown
Eva-Stina,unknown
Sundra,unknown
Affan,unknown
sune,unknown
Suneerat,unknown
suni,unknown
Sunniva,unknown
Ramon,unknown
Osman,unknown
Sus,unknown
susan,unknown
Susann,unknown
susanne.axelsson,unknown
Deichmann,unknown
Susanne Boje,unknown
Henrik uth,unknown
Susanne Nordholm ,unknown
SuSanne,unknown
suzanne,unknown
Siv Marit,unknown
Svanhild,unknown
Svea,unknown
Svein Haakon,unknown
Svein Eirik ,unknown
svein,unknown
Sven-åke,unknown
Sven-Ove,unknown
Annakarin,unknown
Sverker,unknown
Svend Erik Klitgaard,unknown
Svitlana,unknown
Svetlana,unknown
Tivoli Lager,unknown
Sibylle,unknown
ALLAN,unknown
Annitta,unknown
Tea,unknown
Sylvi,unknown
"Gamblin,"
Sysser,unknown
Syster,unknown
Cythia,unknown
Syver,unknown
Dora,unknown
Sigbjørn,unknown
Sedef,unknown
Toril,unknown
Tivalva,unknown
tommy,unknown
Torhild,unknown
Tor Anders,unknown
Tore J ,unknown
Tore J,unknown
Taavi,unknown
Tabitha,unknown
Tabita,unknown
Taco,unknown
VIVI,unknown
Taina,unknown
Tajana,unknown
Tajs,unknown
Debora,unknown
Tülay ,unknown
Thais,unknown
Tamara,unknown
Tammi,unknown
Tami,unknown
Vegar,unknown
Tetjana,unknown
YVONNE,unknown
tanja,unknown
Tajna,unknown
Sara ,unknown
Tapio,unknown
cristian,unknown
Tatiana,unknown
Tetiana,unknown
Taus,unknown
Tautydas,unknown
Tawar,unknown
Taylor,unknown
Marie Kristine ,unknown
Tine Buus ,unknown
Tamika,unknown
Thor-Chr.,unknown
Christina Schmidt,unknown
Dan Larsen,unknown
Tean,unknown
Terhi,unknown
Teit,unknown
Assivet,unknown
Tella,unknown
Teodora,unknown
Teodor,unknown
Terese ,unknown
Teres,unknown
terje,unknown
Terry,unknown
Terés,unknown
Tessie,unknown
Tess,unknown
Jonas test,unknown
La,unknown
Teste,unknown
ny,unknown
Teva,unknown
Tord,unknown
Thorleif,unknown
Zarife,unknown
Theis,unknown
theis,unknown
them,unknown
Ulrik ,unknown
Thang,unknown
Ajet,unknown
Thobias,unknown
Thoke,unknown
Thom,unknown
Tamas,unknown
Thora,unknown
Thoralf,unknown
Thorbjörn,unknown
Thord,unknown
Thore,unknown
Thorstein,unknown
Thomas Holm,unknown
Kathia,unknown
Merima,unknown
Tiina,unknown
Tikøb,unknown
Tilda,unknown
Tilde,unknown
Tille,unknown
Timea,unknown
Timmy,unknown
Tim Norge,unknown
Timo,unknown
Timothy,unknown
Martina ,unknown
Tina Krag ,unknown
tina-marie,unknown
Tina Brøndum,unknown
Jan ,unknown
KRISTINA,unknown
Doruntina,unknown
Tina Margrethe ,unknown
Tindra,unknown
tine,unknown
Tine Daa,unknown
TINE,unknown
Tingbjerg,unknown
Tinie,unknown
Tiril,unknown
Dorit,unknown
Tistou,unknown
Titti,unknown
Yuliia,unknown
Norse,unknown
Tjalfe,unknown
Tjalve,unknown
Tommy ,unknown
Thorvald,unknown
Tanjap,unknown
Toke,unknown
Tobbe,unknown
ståle,unknown
Torunn,unknown
Werner,unknown
Christina Toft ,unknown
Rahel,unknown
tom,unknown
Tom ,unknown
TOMAS,unknown
Tomas Bjørn,unknown
Toma,unknown
Tom Egil,unknown
Tom Kristian Horn,unknown
Tommi,unknown
Per Tommy,unknown
Tom W.,unknown
TONE,unknown
Tone Marie ,unknown
Tone Nenée,unknown
Toni,unknown
Tonni,unknown
Tonje,unknown
Tonnie,unknown
tonny,unknown
tony,unknown
TONY,unknown
Tora,unknown
Toralf,unknown
torben,unknown
Torben Hennevalt ,unknown
Torben Falk,unknown
Torbjorn,unknown
tordis,unknown
Tordur,unknown
Tore Fritz,unknown
tor,unknown
Torfinn,unknown
Torgeir,unknown
Torgrim,unknown
Torild,unknown
Torkel,unknown
Torkjel,unknown
Torleif,unknown
torill,unknown
torstein,unknown
Torulf,unknown
Totto Tamas,unknown
Tova,unknown
Tov,unknown
TOVE,unknown
Towe,unknown
Karl-Peter,unknown
Treacy,unknown
Trein,unknown
Hans Poul,unknown
marlene,unknown
MIkael,unknown
Trine ,unknown
TRINE,unknown
Trine Karina ,unknown
Maryam,unknown
Trine Vestermark,unknown
Maritza,unknown
truls-m,unknown
Troels ,unknown
Tron Andre,unknown
TROND,unknown
trond,unknown
Therkel,unknown
Truls,unknown
Trude Martens,unknown
Trygve Laub,unknown
Wicki,unknown
Tjerand,unknown
Tua,unknown
Tue,unknown
Ture,unknown
Theréce,unknown
Tut,unknown
Ullrich ,unknown
ulrik,unknown
UWE,unknown
Unni,unknown
jennie,unknown
Ulf Fahle,unknown
ULF ,unknown
Iaroslav,unknown
ulla-britt,unknown
Ulla-Pia,unknown
Ulla Bærentz Fick,unknown
Ullabritt,unknown
E.U.Ulla,unknown
Hvidsten,unknown
ULLA VITTING,unknown
Ulric,unknown
Ulrika ,unknown
ulrika,unknown
Ulrike,unknown
Bjørn-Ivar,unknown
Una,unknown
Uno,unknown
Maths,unknown
Urse Scheel ,unknown
Ursula,unknown
Uta,unknown
Eyyüp,unknown
Urszula,unknown
Vicki,unknown
Verena,unknown
Vikki,unknown
Vagn,unknown
vidar,unknown
Anna Marie ,unknown
vagner,unknown
Valbjørg,unknown
Valentin Kold,unknown
Valentin,unknown
Valeria,unknown
Vicky ,unknown
vibeke,unknown
Vanja,unknown
Volmer,unknown
Eniko,unknown
Vasilios,unknown
Verner,unknown
Vegard,unknown
Vegard Marinius,unknown
Mathilde Kirstine Margretha,unknown
vello,unknown
Vendela,unknown
Venus bing,unknown
Veor,unknown
Veronika,unknown
vesa,unknown
vesna,unknown
Zepyur,unknown
sindre,unknown
Vivianne,unknown
Vivi-Ann,unknown
Vibeche,unknown
Viberg,unknown
Viberg ,unknown
Violeta,unknown
Wickie,unknown
Vicky,unknown
Din,unknown
Victor BOYE,unknown
victoria,unknown
Audronis,unknown
Vikie,unknown
Vitkor,unknown
Viktor ,unknown
VIktor,unknown
Viktoriia,unknown
Viktoría,unknown
Viktorija,unknown
Vilda,unknown
Vilde,unknown
Dubravka,unknown
see,unknown
v,unknown
Villi,unknown
Vinnie,unknown
Vinni,unknown
ibrahim,unknown
Vi,unknown
Simion,unknown
Virginia,unknown
Nils-Tore,unknown
Vitali,unknown
Viveca,unknown
Viveka,unknown
Vivi-Anne,unknown
Frantz,unknown
Vivvi,unknown
viggo,unknown
Vlado,unknown
Vlatko,unknown
Victor Krakau,unknown
Viviana,unknown
Volker,unknown
Allis,unknown
Tagea,unknown
Rudolph,unknown
adrian,unknown
Volodymyr,unknown
Vesa,unknown
Vinita,unknown
Merrete,unknown
Barbara-Anna,unknown
Waldemar,unknown
Hjördis,unknown
wanja,unknown
Görel,unknown
Guido,unknown
Spiridon,unknown
Detlef,unknown
Wegar,unknown
Wenche kallestein ,unknown
wencke,unknown
Wendela ,unknown
Wenke,unknown
Hélène,unknown
Carl-Oscar,unknown
Wilton,unknown
Wicky,unknown
Widar,unknown
Wilhelm,unknown
Wilhelm ,unknown
Willie,unknown
Will,unknown
Wilma,unknown
Iurii,unknown
Anders Ibæk,unknown
Wiwwianne,unknown
Wolfgang,unknown
Slawomir,unknown
Wolfgang ,unknown
Iwona,unknown
frode,unknown
Wynja,unknown
Anna-My,unknown
Majvor,unknown
Xianmin,unknown
fredrik,unknown
Yanina,unknown
Yann,unknown
Yasemin,unknown
Yasmina,unknown
Yngvild,unknown
Yuriy,unknown
Yevheniy,unknown
Yinon,unknown
Ylvie,unknown
Yasaman,unknown
Yngve,unknown
Yngve ,unknown
Youssef,unknown
Yngvar,unknown
Yrsa,unknown
Yolanda,unknown
Øystein ,unknown
Yt. Ezra,unknown
Yvette,unknown
Vitusan,unknown
yvonne,unknown
Ywonne,unknown
Zaid,unknown
Zeb,unknown
Zebastian,unknown
Erwin,unknown
Zeinab,unknown
Zeyad,unknown
Cecilia ,unknown
Zia,unknown
Hirell,unknown
Zinnia,unknown
Jorn,unknown
Zerina,unknown
Scalepoint,unknown
Zuzana,unknown
Normella,unknown
